Date_(AA-MM-JJ),Trait.,Placette,Bloc,Micro-plac.,Abies_balsamea,Acer_rubrum,Acer_spicatum,Alnus_incana_subsp._rugosa,Amelanchier_sp.,Anaphalis_margaritacea,Aralia_nudicaulis,Athyrium_filix.femina,Bazzania_trilobata,Betula_alleghaniensis,Betula_papyrifera,Carex_sp.,Chamerion_angustifolium_subsp._angustifolium ,Cladonia_sp.,Cladonia_coniocraea,Cladonia_rangiferina,Claytosmunda_claytoniana,Clintonia_borealis,Coptis_trifolia,Cornus_alternifolia,Cornus_canadensis,Cypripedium_acaule,Dendrolycopodium_dendroideum,Dicranum_sp.,Diervilla_lonicera,Dryopteris_cristata,Dryopteris_intermedia,Eurybia_macrophylla,Epigaea_repens,Equisetum_sylvaticum,Galium_triflorum,Gaultheria_hispidula,Goodyera_tesselata,Goodyera_repens,Gymnocarpium_dryopteris,Huperzia_lucidula,Hylocomium_splendens,Kalmia_angustifolia,Linnaea_borealis,Lysimachia_borealis,Maianthemum_canadense,Mitella_nuda,Moneses_uniflora,Monotropa_uniflora,Nabalus_sp.,Neottia_cordata,Oclemena_acuminata,Orthilia_secunda,Oxalis_montana,Peltigera_sp.,Phegopteris_connectilis,Picea_glauca,Picea_mariana,Pleuzorium_schreberi,Polytrichum_sp.,Populus_balsamifera,Populus_tremuloides,Pteridium_aquilinum,Ptilium_crista-castrensis,Prunus_pensylvanica,Rhytidiadelphus_triquetrus,Ribes_glandulosum,Ribes_lacustre,Ribes_triste,Rubus_idaeus,Rubus_pubescens,Sambucus_racemosa,Streptopus_amplexifolius,Sphagnum_sp.,Spinulum_annotinum,Sorbus_americana,Sorbus_decora,Taxus_canadensis,Trillium_undulatum,Vaccinium_angustifolium,Vaccinium_myrtilloides,Viburnum_edule,Viburnum_cassinoides,Viola_sp.
6 juil. 2022,3_ans,4,A,N3,15,,,,,,,,,,,,,,,,,,,,15,,,2.5,,,,,,,,,,,,,62.5,,,,,,,,,,,,0.5,,,,,37.5,,,,,0.5,,,,,,,,,,,,,,,,,,,,
6 juil. 2022,3_ans,4,A,N6,2.5,,,,,,,,,,,,,,,,,,,,15,,,0.5,,,,,,,,,,0.5,,,37.5,,,,,,,,,,,,,,,,,62.5,,,,,2.5,,,,,,,,,,,,,,,,15,,,,
6 juil. 2022,3_ans,4,A,N9,,,,,,,,,,,,,,,,,,0.5,,,0.5,,,0.5,,,,,,,,,,2.5,,,62.5,,,,2.5,,,,,,,,,,,,,37.5,,,,,0.5,,,,,,,,,,,,,,,,,,,,
6 juil. 2022,3_ans,4,A,E3,,,,,,,2.5,,,,,,,,,,,,15,,62.5,,,,,,,,,,,,,,,,15,,37.5,,15,,,,,,,,0.5,,,,,62.5,,,,,,,,,,,,,,,,,,2.5,,,,,,,
6 juil. 2022,3_ans,4,A,E6,0.5,,,,,,,,,,,,,,,,,15,15,,37.5,,,15,,,,,,,,,,,,,37.5,,0.5,,2.5,,,,,,,,2.5,,,,,62.5,,,,,15,,,,,,,,,,,,,0.5,,,,,,,
6 juil. 2022,3_ans,4,A,E9,,,,,,,,,,,,,,,,,,,0.5,,37.5,,,2.5,,,,,,,,,,,,,37.5,,,,15,,,,,,,,15,,,,,37.5,,,,,2.5,,,,,,,,,,,,,2.5,,,,,,,
6 juil. 2022,3_ans,4,A,S3,,,,,,,,,,,0.5,,,,,,,,,,2.5,,,,,,,,,,,,,0.5,,,37.5,,2.5,,37.5,,,,,,,,,,,,,62.5,,,,,0.5,,,,,,,,,,,,,,,,,,,,
6 juil. 2022,3_ans,4,A,S6,2.5,,,,,,,,,,,,,,,,,,,,2.5,,,2.5,,,,,,,,,,,,,15,,,,,,,,,,,,,,,,,15,,,,,15,,,,,,,,,,,,,0.5,,,,,,,
6 juil. 2022,3_ans,4,A,S9,0.5,,,,,,,,,,,,,,,,,2.5,2.5,,15,,,0.5,,,,,,,,,,,,,37.5,,0.5,,2.5,,,,,,,0.5,,,,,,62.5,,,,,2.5,,,,,,,,,,,,,0.5,,,,,,,
6 juil. 2022,3_ans,4,A,W3,,,,,15,,,,,,0.5,,,,,,,,2.5,,62.5,,,,,,,,,,,,,,,,85,,2.5,,15,,,,,,,,,,,,,15,,,,,0.5,,,,,,,,,,,,,,,,,,,,
6 juil. 2022,3_ans,4,A,W6,2.5,,,,,,,,,,,,,,,,,15,15,,37.5,,,,,,,,,,,,,0.5,,,15,,2.5,,2.5,,,,,,,,,,,,,15,,,,,,,,,,,,,,,15,,,15,,,,,,,
6 juil. 2022,3_ans,4,A,W9,,,,,2.5,,,,,,,,,,,,,15,2.5,,85,,,0.5,,,,,,,,,,,,,15,,,,2.5,,,,,,,,,,,,,62.5,,,,,0.5,,,,,,,,,,,,,,,,,,,,
6 juil. 2022,3_ans,4,B,N3,,,,,,,15,,,,,,,,,,,,15,,37.5,,,,,,,,,,,,,,,,62.5,,,37.5,,,0.5,,,,,0.5,15,,,,,37.5,,,,,,,,,,,,,,,,,,,37.5,,,,,,
6 juil. 2022,3_ans,4,B,N6,0.5,,,,,,,,,,,,,,,,,,15,,37.5,,,,,,,,,,,,,,,,85,,37.5,37.5,,,,,,,,,15,,,,,15,,,,,,,,,,,,,,,,,,,,,,,,,
6 juil. 2022,3_ans,4,B,N9,0.5,,,,,,,,,,,,,,,,,,,,37.5,,,,,,,,,,,,,,,,37.5,,2.5,37.5,,,,,,,,,0.5,,,,,37.5,,,,,,,,,,,,,,,,,,,,,,,,,
6 juil. 2022,3_ans,4,B,E3,2.5,,,,,,15,,,,0.5,,,,,,,,,,62.5,,,0.5,,,,,,,,0.5,,,,,37.5,,,2.5,2.5,,0.5,,,,,0.5,2.5,,,,,37.5,,,,,,,,,,,,,,,,,,,,,,,,,
6 juil. 2022,3_ans,4,B,E6,,,,,,,2.5,,,,,,,,,,,2.5,0.5,,62.5,,,0.5,,,,,,,,,,,,,62.5,,37.5,2.5,2.5,,0.5,,,,,2.5,,,,,,37.5,,,,,,,,,,,,,,,,,,,,,,,,,
6 juil. 2022,3_ans,4,B,E9,2.5,,,,0.5,,,,,,,,,,,,,62.5,15,,37.5,,,,,,,,,,,,,,,,37.5,,0.5,2.5,37.5,,,,,,,,,,,,,37.5,,,,,,,,,,,,,,,,,37.5,,,,,,,,
6 juil. 2022,3_ans,4,B,S3,,,,,,,37.5,,,,,,,,,,,,15,,62.5,,,,,,,,,,,,,,,,62.5,,37.5,,37.5,,,,,,,,,,,,,37.5,,,,,,,,,,,,,,,,,15,,,,,,,,
6 juil. 2022,3_ans,4,B,S6,0.5,,,,,,37.5,,,,,,,,,,,,0.5,,62.5,,,,,,,,,,,,,,,,37.5,,,2.5,62.5,,,,,,,,15,,,,,62.5,,,,,,,,,,,,,,,,,,,0.5,,,,,,
6 juil. 2022,3_ans,4,B,S9,15,,,,,,37.5,,,,0.5,,,,,,,,15,,62.5,,,0.5,,,,,,,,,,,,,62.5,,,37.5,37.5,,,,,,,,37.5,,,,,37.5,,,,,15,,,,,,,,,,,,,,15,,,,,,
6 juil. 2022,3_ans,4,B,W3,,,,,,,,,,,,,,,,,,,2.5,,62.5,,,,,,,,,,,,,,,,85,,2.5,15,37.5,,,,,,,2.5,15,,,,,2.5,,,,,,,,,,,,,,,,,0.5,,15,,,,,,
6 juil. 2022,3_ans,4,B,W6,0.5,,,,,,37.5,,,,,,,,,,,,15,,62.5,,,,,,,,,,,2.5,,,,,37.5,,37.5,15,62.5,,,,,,,,15,,,,,37.5,,,,,,,,,,,,,,,,,15,,62.5,,,,,,
6 juil. 2022,3_ans,4,B,W9,0.5,,,,37.5,,2.5,,,,,,,,2.5,,,2.5,15,,37.5,,,2.5,,,,,,,,,,,,,62.5,,2.5,15,15,,0.5,,,,,,62.5,,,0.5,,15,,,,,15,,,,,,,,,,,,,,37.5,,,,,,
6 juil. 2022,3_ans,4,C,N3,0.5,,,,,,,,,,,,,,,,,,,,,,,2.5,,,,,,,,,,,,,15,,,,2.5,,,,,,,2.5,15,,,,,85,,,,,2.5,,,,,,,,,,,,,,,,,,,,
6 juil. 2022,3_ans,4,C,N6,2.5,,,,,,,,,,,,,,,,,,,,2.5,,,0.5,,,,,,,,,,,,,62.5,,,2.5,2.5,,,,,,,2.5,0.5,,,,,37.5,,,,,,,,,,,,,,,,,,,,,,,,,
6 juil. 2022,3_ans,4,C,N9,2.5,,,,0.5,,,,,,0.5,,,,,,,,,,37.5,,,15,,,,,,,,,,,,,0.5,,,,,,,,,,,,2.5,,,,,37.5,,,,,,,,,,,,,,,,,15,,2.5,,,,,,
6 juil. 2022,3_ans,4,C,E3,2.5,,,,,,,,,,,,,,,,,,,,,,,0.5,,,,,,,,37.5,,,,,62.5,,,,,,,,,,,,,,,,,37.5,,,,,0.5,,,,,,,,,,,,,,,,,,,,
6 juil. 2022,3_ans,4,C,E6,0.5,,,,,,,,,,,,,,,,,,,,,,,2.5,,,,,,,,,,,,,15,,,,,,,,,,,,,,,,,85,,,,,0.5,,,,,,,,,,,,,,,,,,,,
6 juil. 2022,3_ans,4,C,E9,0.5,,,,,,,,,,,,,,,,,,,,,,,0.5,,,,,,,,,,,,,37.5,,,,,,0.5,,,,,,,,,,,62.5,,,,,15,,,,,,,,,,,,,,,,,,,,
6 juil. 2022,3_ans,4,C,S3,2.5,,,,,,,,,,,,,,,,,,2.5,,15,,,,,,,,,,,2.5,,,,,37.5,,,,2.5,,,,,,,,15,,,,,62.5,,,,,2.5,,,,,,,,,,,,,,,,,,,,
6 juil. 2022,3_ans,4,C,S6,2.5,,,,,,,,,,0.5,,,,0.5,,,,,,,,,2.5,,,,,,,,,,,,,15,,,,,,,,,,,,0.5,,,,,62.5,,,,,,,,,,,,,,,,,,,,,,,,,
6 juil. 2022,3_ans,4,C,S9,2.5,,,,,,,,,,,,,,,,,,15,,2.5,,,,,,,,,,,,,,,,37.5,,,,0.5,,,,,,,,15,,,,,62.5,,,,,2.5,,,,,,,,,,,,,,,,,,,,
6 juil. 2022,3_ans,4,C,W3,2.5,,,,,,,,,,0.5,,,,0.5,,,,2.5,,,,0.5,,,,,,,,,,,,,,15,,,,,,,,,,,,15,,,,0.5,85,,,,,15,,,,,,,,,,,,0.5,,,,,,,,
6 juil. 2022,3_ans,4,C,W6,,,,,,,,,,,,,,,,,,15,15,,37.5,,15,,,,,,,,,,,,,,15,,37.5,15,15,,,,,,,,15,,,,,62.5,,,,,15,,,,,,,,,,,,,,,,,,,,
6 juil. 2022,3_ans,4,C,W9,2.5,,,,,,,,,,,,,,,,,15,,,37.5,,,2.5,,,,,,,,,,,,,,,,,15,,,,,,,2.5,2.5,,,,,85,,,,,15,,,,,,,,,,,,,,,,,,,,
6 juil. 2022,2_ans,7,A,N3,,,37.5,,,,,,,,,,,,,,,,2.5,,,,,15,,,,,,,,,,,15,,2.5,,,,,,,,,,,,15,,,,,15,,,,,,,,,,,,,,,,,,,,,,,,,
6 juil. 2022,2_ans,7,A,N6,0.5,,0.5,,,,,,,,,,,,,,,,15,,,,,2.5,,,,,,,,,,,2.5,,37.5,,,,,,,,,,,0.5,15,,,,,62.5,,,,,2.5,,,,,,,,,,,,,,,,,,,,
6 juil. 2022,2_ans,7,A,N9,0.5,,,,,,,,,,,,,,,,,,15,,15,,,15,,,,,,,,,,,,,37.5,,,,,,,,,,,,2.5,,,,,62.5,,,,,,,,,,,,,,,,,,,,,,,,,
6 juil. 2022,2_ans,7,A,E3,0.5,,,,,,,,,,,,,,,,,,,,,,,2.5,,,,,,,,,,,,,,,,,,,0.5,,,,,,0.5,,,,,2.5,,,,,,,,,,,,,,,,,,,,,,,,,
6 juil. 2022,2_ans,7,A,E6,,,,,,,,,,,0.5,,,,,,,,,,,,,,,,,,,,,,,,,,,,,,,,,,,,,,2.5,,,,,,,,,,,,,,,,,,,,,,,,,,,,,,
6 juil. 2022,2_ans,7,A,E9,,,,,,,,,,,,,,,,,,,,,,,,2.5,,,,,,,,,,,,,,,,,,,,,,,,,,,,,,,,,,,,,,,,,,,,,,,,,,,,,,,
6 juil. 2022,2_ans,7,A,S3,0.5,,,,,,2.5,,,,,,,,,,,,0.5,,,,,15,,,,,,,,,,,,,15,,,,,,,,,,,,,,,,,37.5,,,,,,,,,,,,,,,,,,,,,,,,,
6 juil. 2022,2_ans,7,A,S6,,,0.5,,,,,,,,,,,,,,,,,,,,,15,,,,,,,,,,,,,2.5,,,,,,,,,,,,2.5,,,,,15,,,,,,,,,,,,,,,,,,,,,,,,,
6 juil. 2022,2_ans,7,A,S9,,,,,,,,,,,,,,,,,,,2.5,,,,,,,,,,,,,,,,,,0.5,,,,,,,,,,,,,,,,,0.5,,,,,,,,,,,,,,,,,,,,,,,,,
6 juil. 2022,2_ans,7,A,W3,0.5,,,,,,,,,0.5,,,,,2.5,,,,,,37.5,,,2.5,,,,,,,,,,,,,15,,,,,,,,,,,2.5,15,,,,,15,,,,,2.5,,,,,,,,,,,,,,,,,,,,
6 juil. 2022,2_ans,7,A,W6,2.5,,,,,,,,,0.5,,,,,,,,,,,,,,15,,0.5,,,,,,,,,,,15,,,,,,,,,,,0.5,15,,,0.5,,62.5,,,,,0.5,,,,,,,,,,,,,,,,,,,,
6 juil. 2022,2_ans,7,A,W9,0.5,,,,,,,,,,,,,,0.5,,,,,,,,,,,,,,,,,,,,,,37.5,,,,,,,,,,,,0.5,,,,,15,,,,,,,,,,,,,,,,,,,,,,,,,
6 juil. 2022,2_ans,7,B,N3,,,,,,,,,,,,,,,,,,,,,,,,15,,,,,,,,,,,,,15,,,,,,,,,,,,,,,,,15,,,,,,,,,,,,,,,,,,,37.5,,,,,,
6 juil. 2022,2_ans,7,B,N6,,,,,,,,,,,,,,,,,,,2.5,,,,,2.5,,,,,,,,,,,,,37.5,,,2.5,,,,,,,,,2.5,,,,,2.5,,,,,0.5,,,,,,,,,,2.5,,,0.5,62.5,,0.5,,,,
6 juil. 2022,2_ans,7,B,N9,,,0.5,,,,,,,,,,,,,,,,,,,,,2.5,,,,,,,,,,,,,15,,,,,,,,,,,,2.5,,,,,2.5,,,,,2.5,,,,,,,,,,,,,37.5,37.5,,,,,,
6 juil. 2022,2_ans,7,B,E3,,,,,,,,,,,,,,,,,,,,,,,,15,,,,,,,,,,,,,15,,,,,,,,,,,,,,,,,15,,,,,,,,,,,,,,,,,,,37.5,,,,,,
6 juil. 2022,2_ans,7,B,E6,0.5,0.5,0.5,,,,,,,,,,,,,,,,,,,,,2.5,,,,,,,,,,,,,,,,,,,,,,,,,,,,,,,,,,,,,,,,,,,,,,,,,37.5,,,,,,
6 juil. 2022,2_ans,7,B,E9,,0.5,0.5,,,,,,,,,,,,,,,,,,,,,15,,,,,,,,,,,,,15,,,,,,,,,,,,,,,,,15,,,,,0.5,,,,,,,,,,,,,,15,,,,,,
6 juil. 2022,2_ans,7,B,S3,,,,,,,,,,,,,,,,,,,,,,,,2.5,,,,,,,,,,,,,2.5,,,,,,,,,,,,,,,,,2.5,,,,,,,,,,,,,,,,,,,15,,,,,,
6 juil. 2022,2_ans,7,B,S6,0.5,0.5,0.5,,0.5,,,,,,,,,,,,,,37.5,,37.5,,,15,,,,,,,,2.5,,,,,2.5,,,0.5,,,,,,,,,2.5,,,,,37.5,,,,62.5,0.5,,,,,,,,,,,,,0.5,,,,,,,
6 juil. 2022,2_ans,7,B,S9,,,15,,,,,,,,,,,,,,,,,,,,,0.5,,,,,,,,,,,,,2.5,,,,,,,,,,,,15,,,,,0.5,,,,,,,,,,,,,,,,,,,62.5,,,,,,
6 juil. 2022,2_ans,7,B,W3,,,,,,,,,,,,,,,,,,,,,,,,15,,,,,,,,,,,,,15,,,,,,,,,,,,,,,,,,,,,,,,,,,,,,,,,,,,62.5,,,,,,
6 juil. 2022,2_ans,7,B,W6,0.5,,,,,,,,,,,,,,,,,,,,,,,15,,,,,,,,,,,,,,,,,,,,,,,,,,,,,,2.5,,,,,2.5,,,,,,,,,,,,,,15,,,,,,
6 juil. 2022,2_ans,7,B,W9,,,,,,,,,,,,,,,,,,,,,,,,2.5,,,,,,,,,,,,,15,,,,,,,,,,,,,,,,,37.5,,,,,0.5,,,,,,,,,,,,,,62.5,,,,,,
6 juil. 2022,2_ans,7,C,N3,,,2.5,,,,,,,,,,,,,,,15,15,,37.5,,,2.5,,,,,,,,,,,,,15,,15,,,,,,,,,,,,,,,62.5,,,,,,,,,,,,,,,,,,0.5,15,,,,,,
6 juil. 2022,2_ans,7,C,N6,,,0.5,,0.5,,,,,,,,,,,,,2.5,15,,,,,0.5,,,,,,,,,,,,,,,,,,,,,,,,,0.5,,,,,15,,,,,,,,,,,,,,,,,,,85,2.5,,,,,
6 juil. 2022,2_ans,7,C,N9,37.5,0.5,,,,,,,,,,,,,,,,,,,,,,,,,,,,,,,,,,,0.5,,,,,,,,,,,,,,,,,,,,,,,,,,,,,,,,,,,,37.5,2.5,,,,,
6 juil. 2022,2_ans,7,C,E3,0.5,2.5,,,,,,,,,0.5,,,,,,,,2.5,,,,,15,,,,,,,,,,,,,,,,,,,,,,,,15,,,,,,2.5,,,,,,,,,,,,,,,,,,,37.5,,,,,,
6 juil. 2022,2_ans,7,C,E6,2.5,,0.5,,,,,,,,,,,,,,,,,,,,,15,,,,,,,,,,,,,,,,,,,,,,,,,,,,,,15,,,,,0.5,,,,,,,,,,,,,,2.5,,,,,,
6 juil. 2022,2_ans,7,C,E9,0.5,,,,,,,,,,,,,,,,,2.5,,,15,,,,,,,,,,,,,,,,,,,,,,,,,,,2.5,,,,,,2.5,,,,,,,,,,,,,,,,,,,15,,,,,,
6 juil. 2022,2_ans,7,C,S3,,,,,,,,,,,,,,,,,,2.5,15,,2.5,,,,,,,,,,,,,,,,0.5,,,,,,,,,,,,,,,,,2.5,,,,,,,,,,,,,,,,,,,62.5,,,,,,
6 juil. 2022,2_ans,7,C,S6,0.5,15,15,,,,,,,,,,,,,,,,2.5,,,,,2.5,,,,,,,,,,,,,2.5,,,,,,,,,,,15,,,,,,2.5,,,,,,,,,,,,,,,,,,,15,,,,,,
6 juil. 2022,2_ans,7,C,S9,,2.5,15,,,,,,,,,,,,,,,,2.5,,2.5,,,,,,,,,,,,,,,,,,,,,,,,,,,,2.5,,,,,2.5,,,,,,,,,,,,,,,,,,,37.5,,,,,,
6 juil. 2022,2_ans,7,C,W3,0.5,,,,,,,,,,,,,,,,,2.5,15,,15,,,,,,,,,,,,,,,,37.5,,2.5,2.5,,,,,,,,,,,,,,2.5,,,,,,,,,,,,,,,,,,0.5,15,2.5,,,,,
6 juil. 2022,2_ans,7,C,W6,62.5,2.5,,,,,15,,,,,,,,,,,2.5,15,,62.5,,,,,,,,,,,2.5,,,,,37.5,,37.5,,,,,,,,,,2.5,,,,,62.5,,,,,0.5,,,,,,,,,,,,,,2.5,0.5,,,,,
6 juil. 2022,2_ans,7,C,W9,37.5,,15,,,,,,,,,,,,,,,15,15,,37.5,,,37.5,,,,,,,,2.5,,,,,,,15,37.5,15,,,,,,,0.5,2.5,,,,,62.5,,,,15,,,,,,,,,,,,,,,37.5,2.5,,,,,
10 juil. 2022,Aucun,15,A,N3,2.5,,,,,,,,,,,,,,,,,,2.5,,,,,2.5,,,,,,,,,,,,,,,,,,,,,,,,,,,,,,2.5,,,,,,,,,,,,,,,,,,2.5,,,2.5,,,,
10 juil. 2022,Aucun,15,A,N6,2.5,2.5,,,,,,,,,0.5,,,,,,,,37.5,,,,,15,,,,,,,,,,,,,0.5,,,,,,,,,,,,2.5,,,,,,,,,,,,,,,,,,,,,,2.5,,,,,,,15,
10 juil. 2022,Aucun,15,A,N9,2.5,0.5,,,,,,,,,0.5,,,,,,,,0.5,,2.5,,,15,37.5,,,,,,,,,,,,2.5,,,,,,,,,,,,2.5,,,,,37.5,,,,,,,,,,,,,,,,,,,,,2.5,,,,
10 juil. 2022,Aucun,15,A,E3,,0.5,,,,,,,,,,,,,,,,,0.5,,2.5,,,15,15,,,,,,,,,,,,15,,,,,,,,,,,,2.5,,,,,15,,,,,,,,,,,,,,,,,,,,,,,,,
10 juil. 2022,Aucun,15,A,E6,2.5,0.5,,,,,,,,,,,,,,,,,2.5,,62.5,,,2.5,,,,,,,,,,,,,37.5,,,15,,,,,,,,,2.5,,,,,0.5,,,,,,,,,,,,,,,,,0.5,,,,,,,,
10 juil. 2022,Aucun,15,A,E9,2.5,,,,,,,,,,,,,,,,,,,,37.5,,,2.5,,,,,,,,,,,,,37.5,,,15,,,,,,,,,2.5,,,,,2.5,,,,,,,,,,,,,,,,,0.5,,,,,,,,
10 juil. 2022,Aucun,15,A,S3,,0.5,,,2.5,,,,,,,,,,,,,,15,,2.5,,,37.5,,,,,,,,,,,,,62.5,,2.5,,,,,,,,,15,2.5,,,,,2.5,,,,,,,,,,,,,,,,,,15,,,,,,,
10 juil. 2022,Aucun,15,A,S6,2.5,0.5,,,2.5,,,,15,,,,,,,,,,2.5,,37.5,,,37.5,,,,,,,,,,,,,2.5,,,,,,,,,,,,2.5,,,,,15,,,,,2.5,,,,,,37.5,,,,,,,,,,,,,,
10 juil. 2022,Aucun,15,A,S9,,,,,,,,,15,,,,2.5,,,,,,,,2.5,,,2.5,,,,,,,,,,,,,15,,,15,,,,,,,,,2.5,,,,,37.5,,,,,15,2.5,,,,,15,,,,,,0.5,,,,,,,,
10 juil. 2022,Aucun,15,A,W3,,0.5,,,,,,,2.5,,0.5,,,,,,,,,,,,,2.5,,,,,,,,,,,,,2.5,,,15,,,,,,,,,2.5,,,,,15,,,0.5,,,,,,,,2.5,,,,,,2.5,,,,,,,,
10 juil. 2022,Aucun,15,A,W6,,0.5,0.5,,,,,,,,,,,,,,,,,,,,,,,,,,,,,,,,,,2.5,,,,,,,,,,,,15,,,,,97.5,,,2.5,,2.5,,,,,,,,,,,,,,,,,,,,
10 juil. 2022,Aucun,15,A,W9,,2.5,,,0.5,,,,15,,2.5,,,,,,,,,,,,,15,,,,,,,,2.5,,,,,15,,,37.5,,,,,,,,,,,,,,37.5,,,,,,,,,,,15,,,,,,,,,,,,,,
10 juil. 2022,Aucun,15,B,N3,,15,,,,,,,,,2.5,,,,0.5,,,,,,,,,37.5,,,,,,,,15,,,,,0.5,,,,,,,,,,,,,,,,,2.5,,,,,,,,,,,,,,,,,,0.5,15,,,,,,
10 juil. 2022,Aucun,15,B,N6,,15,,,,,,,2.5,,2.5,,,,2.5,,,,,,,,,15,,,,,,,,,,,,,0.5,,,,,,,,,,,,,,,,,15,,,,,2.5,,,,,,,,,,,,,0.5,,,,,,,
10 juil. 2022,Aucun,15,B,N9,,2.5,,,0.5,,,,,,0.5,,,,,,,,,,,,,15,,,,,,,,,,,,,2.5,,,,,,,,,,,,,,,,,15,,,,,,,,,,,,,,,,,,,,,,,,,
10 juil. 2022,Aucun,15,B,E3,,15,,,,,,,,,,0.5,,,,,,,,,,,,2.5,,,,,,,,,,,,,,,,15,,,,,,,,,,,,,,,,,,,,,,,,,,,,,,,,,37.5,,,,,,
10 juil. 2022,Aucun,15,B,E6,,15,,,0.5,,,,,,,,,,0.5,,,,,,,,,15,,,,,,,,,,,,,,,,0.5,,,,,,,,,,,,,,0.5,,,,,,,,,,,,,,,,,,15,15,,0.5,,,0.5,
10 juil. 2022,Aucun,15,B,E9,,15,,,,,,,,,2.5,,,,,,,,,,,,,15,,,,,,,,,,,,,,,,15,,,,,,,,15,,,,,,,,,,,,,,,,,,,,,,,,37.5,,,,,,,
10 juil. 2022,Aucun,15,B,S3,,15,,,,,,,,,0.5,,,,,,,,,,2.5,,,15,,,,,,,,,,,,,,,,2.5,,,,,,,,,,,,,,0.5,,,,,,,,,,,,,,,,,0.5,,,,2.5,,,,
10 juil. 2022,Aucun,15,B,S6,,15,,,,,,,,,,,,,,,,,15,,15,,,15,,,,,,,,,,,,,15,,,15,2.5,,,,,,,,,,,,,15,,,,,,,0.5,,,,,,,,,,0.5,,15,,15,,,0.5,
10 juil. 2022,Aucun,15,B,S9,2.5,15,,,,,,,,,0.5,,,,,,,,,,15,,,2.5,,,,,,,,,,,,,,,,37.5,,,,,,,,,,,,,,15,,,,,,,,,,,,,,,,,,0.5,,,15,,,,
10 juil. 2022,Aucun,15,B,W3,,15,,,0.5,,,,,,,,,,,,,,,,,,,0.5,,,,,,,,,,,,,,,,,,,,,,,,,,,,,,,,,,,,,,,,,,,,,,,,,15,,0.5,,,,
10 juil. 2022,Aucun,15,B,W6,,2.5,,,,,,,,,,,,,0.5,,,,,,,,,2.5,,,,,,,,,,,,,,,,,,,,,,,,,,,,,,15,,,,,,,,,,,,,,,,,,,37.5,,,,,,
10 juil. 2022,Aucun,15,B,W9,,15,,,,,,,,,2.5,,,,,,,,,,,,,15,,,,,,,,,,,,,,,,,,,,,,,,,,,,,,0.5,,,,,,,,,,,,,,,,,,,15,,,,,,
10 juil. 2022,Aucun,15,C,N3,2.5,2.5,,,,,15,,,,,,,,,,,15,,,2.5,,,,,,,,,,,,,,,,,,,2.5,2.5,,,,,,,,,,,,,,,,,,,,,,,,,,,,,,,,,,,,,,
10 juil. 2022,Aucun,15,C,N6,,15,,,,,,,,,2.5,,,,,,,,,,2.5,,,0.5,,,,,,,,,,,,,,,,15,,,,,,,,,,,,,,,,,,2.5,,,,,,,,,,,,,,2.5,,,,,,,
10 juil. 2022,Aucun,15,C,N9,2.5,37.5,,,,,,,,,,,,,,,,,37.5,,2.5,,,,,,,,,,,,,,,,,,,2.5,2.5,,,,,,,,,,,,,,,,,15,,,,,,,,,,,,,,,,,2.5,,,,
10 juil. 2022,Aucun,15,C,E3,2.5,15,,,,,2.5,,,,,,,,,,,,15,,15,,,2.5,,,,,,,,,,,,,,,,15,,,,,,,,2.5,,,,,,,,,,15,,,,,,,,,,,,,,,,,15,,,,
10 juil. 2022,Aucun,15,C,E6,,2.5,,,15,,,,,,,,,,,,,,0.5,,62.5,,,0.5,,,,,,,,,,,,,,,,,15,,,,,,,,,,,,,2.5,,,,37.5,,,,,,,,,,,,,,,,,,,,,
10 juil. 2022,Aucun,15,C,E9,2.5,2.5,,,,,15,,,,,,,,,,,15,0.5,,62.5,,,,,,,,,,,,,,,,2.5,,,2.5,,,,,,,,,2.5,,,,,15,,,,,,,,,,,,,,,,,15,,,,15,,,15,
10 juil. 2022,Aucun,15,C,S3,2.5,37.5,,,0.5,,,,,,,,,,,,,,2.5,,,,,2.5,,,,,,,,,,,,,,,,2.5,,,,,,,,,0.5,,,,,,,,,,,,,,,,,,,,,,,,,,15,,,,
10 juil. 2022,Aucun,15,C,S6,2.5,15,,,,,,,,,,,,,,,,,0.5,,,,0.5,0.5,,,,,,,,,,,,,,,,,,,,,,,,,0.5,,,,,,,,,,,,,,,,,,,,15,,,,,,2.5,,,15,
10 juil. 2022,Aucun,15,C,S9,,2.5,,,,,,,15,,,,,,0.5,,,,,,,,,37.5,,,,,,,,,,,,,,,,,,,,,,,,,2.5,,,,,2.5,,,,,,,,,,,,,,,,,,,,,,,,,
10 juil. 2022,Aucun,15,C,W3,0.5,15,,,,,,,0.5,,2.5,,,,0.5,,,,,,,,,2.5,,,,,,,,,,,,,,,,2.5,,,,,,,,,15,,,,,0.5,,,,,,,,,,,,,,,,,,2.5,,,,,,,
10 juil. 2022,Aucun,15,C,W6,,15,,,,,,,,,0.5,,,,,,,,,,,,,2.5,,,,,,,,,,,,,,,,15,,,,,,,,,2.5,,,,,15,,,,,2.5,,,,,,,,,,,,,2.5,,,,,,,
10 juil. 2022,Aucun,15,C,W9,2.5,37.5,,,,,,,2.5,,,,,,,,,,,,,15,,15,,,,,,,,,,,,,,,,,,,,,,,,,15,,,,,0.5,,,,,,,,,,,,,,,,,,,,,,,,,
30 juin 2022,Intensif,19,A,N3,2.5,,,,,,,,,,,,,,,,,,,,,,,2.5,,,,,,,,,,,,,15,,,,37.5,,,,,,,,15,,,,,62.5,,,,,,,,,,,,,,,,,,,,,,,,,
30 juin 2022,Intensif,19,A,N6,2.5,,,,,,,,,,,,,,,,,,2.5,,15,,,2.5,,,,,,,,,,,,,37.5,,,2.5,2.5,,,,,,,,15,,,,,85,,,,,,,,,,,,,,,,,,,,,,,,,
30 juin 2022,Intensif,19,A,N9,2.5,,,,,,,,,,,,,,,,,,2.5,,,,,,,,,,,,,,,,,,85,,,,15,,,,,,,,15,,,,,2.5,,,,,,,,,,,,,,,,,,,,,,,,,
30 juin 2022,Intensif,19,A,E3,2.5,,,,,,,,,,,,,,,,,,,,,,,15,,,,,,,,,,,,,2.5,,,,,,,,,,,,2.5,,,,,37.5,,,,,,,,,,,,,,,,,,,,,,,,,
30 juin 2022,Intensif,19,A,E6,2.5,,,,,,,,,,,,,,,,,,,,,,,2.5,,,,,,,,,,,,,37.5,,,,,,,,,,,,2.5,,,,,62.5,,,,,,,,,,,,,,,,,,,,,,,,,
30 juin 2022,Intensif,19,A,E9,2.5,,,,,,,,,,,,,,,,,,,,,,,15,,,,,,,,,,,,,15,,,2.5,,,,,,,,,2.5,,,,,37.5,,,,,,,,,,,,,,,,,,,,,,,,,
30 juin 2022,Intensif,19,A,S3,2.5,,,,,,,,,,,,,,,,,,,,,,,2.5,,,,,,,,,,,,,15,,,,,,,,,,,,2.5,,,,,37.5,,,,,2.5,,,,,,,,,,,,,,,,,,,,
30 juin 2022,Intensif,19,A,S6,2.5,,,,,,,,,,,,,,,,,,,,15,,,0.5,,,,,,,,,,,,,37.5,,,,,,,,,,,,2.5,,,,,37.5,,,,,0.5,,,,,,,,,,,,,,,,,,,,
30 juin 2022,Intensif,19,A,S9,0.5,,,,,,,,,,,,,,,,,,0.5,,,,,2.5,,,,,,,,,,,,,15,,,,0.5,,,,,,,0.5,,,,,,37.5,,,,,0.5,,,,,,,,,,,,,,,,,,,,
30 juin 2022,Intensif,19,A,W3,15,,,,,,,,,,,,,,,,,,2.5,,15,,,0.5,,,,,,,,,,,,,,,,,2.5,,,,,,,15,2.5,,,,,85,,,,,,,,,,,,,,,,,,,,,,,,,
30 juin 2022,Intensif,19,A,W6,2.5,,,,,,,,,,,,,,,,,,,,,,,15,,,,,,,,,,,,,2.5,,0.5,,,,,,,,,,,,,,,62.5,,,,,,,,,,,,,,,,,,,,,,,,,
30 juin 2022,Intensif,19,A,W9,15,,,,,,,,,,,,,,,,,,2.5,,15,,,2.5,,,,,,,,,,,,,15,,15,,15,,,,,,,,15,,,,,62.5,,,,,0.5,,,,,,,,,,,,,,,,,,,,
30 juin 2022,Intensif,19,B,N3,0.5,,,,,,,,,,,,,,,,,0.5,2.5,,15,,,2.5,,,,,,,,,,,,,,,,,2.5,,,,,,,,,,,,,62.5,,,,,2.5,,,,,,,,,,,,,,,,,,,,
30 juin 2022,Intensif,19,B,N6,2.5,,,,,,,,,,,,,,,,,,0.5,,,,,15,,,,,,,,,,,,,,,2.5,,0.5,,,,,,,,15,,,,,85,,,,,15,,,,,,,,,,,,,,,,,,,,
30 juin 2022,Intensif,19,B,N9,15,,,,,,,,,,,,,,,,,,2.5,,2.5,,,0.5,,,,,,,,15,,,,,37.5,,,,0.5,,,,,,,15,0.5,,,,,37.5,,,,,2.5,,,,,,,,,,,,,,,,,,,,
30 juin 2022,Intensif,19,B,E3,2.5,,,,,,,,,,,,,,,,,,,,,,,15,,,,,,,,,,,,,37.5,,,,,,,,,,,,,,,,,62.5,,,,,2.5,,,,,,,,,,,,,,,,,,,,
30 juin 2022,Intensif,19,B,E6,0.5,,,,,,,,,,,,,,,,,,,,,,,15,,,,,,,,,,,,,15,,,,,,,,,,,,,,,,,37.5,,,,,2.5,,,,,,,,,,,,,,,,,,,,
30 juin 2022,Intensif,19,B,E9,37.5,,,,,,,,,,,,,,,,,,2.5,,15,,,15,,,,,,,,,,2.5,,,37.5,,,,2.5,,,,,,,2.5,2.5,,,,,62.5,,,,,0.5,,,,,,,,,,,,,,,,,,,,
30 juin 2022,Intensif,19,B,S3,15,,,,,,,,,,,,,,,,,,,,2.5,,,15,,,,,,,,2.5,,2.5,,,37.5,,2.5,2.5,2.5,,,,,,,,,,,,,85,,,,,0.5,,,,,,,,,,,,,,,,,,,,
30 juin 2022,Intensif,19,B,S6,2.5,,,,,,,,,,,,,,,,,,2.5,,,,,2.5,,,,,,,,15,15,2.5,,,37.5,,,,2.5,,,,,,,15,2.5,,,,,37.5,,,,,,,,,,,,,,,,,,,,,,,,,
30 juin 2022,Intensif,19,B,S9,15,,,,,,,,,,,,,,,,,,,,,,,2.5,,,,,,,,,,2.5,,,,,,,0.5,,,,,,,15,,,,,,85,,,,,2.5,,,,,,,,,,,,,,,,,,,,
30 juin 2022,Intensif,19,B,W3,0.5,,,,,,,,,,,,,,,,,,,,,,,0.5,,,,,,,,,,,,,85,,0.5,,2.5,,,,,,,2.5,2.5,,,,,37.5,,,,,0.5,,,,,,,,,,,,,,,,,,,,
30 juin 2022,Intensif,19,B,W6,2.5,,,,,,,,,,,,,,,,,,,,,,,0.5,,,,,,,,,,2.5,,,62.5,,,,2.5,,,,,,,,2.5,,,,,62.5,,,,,2.5,,,,,,,,,,,,,,,,,,,,
30 juin 2022,Intensif,19,B,W9,0.5,,,,,,,,,,,,,,,,,,,,,,,,,,,,,,,,,,,,37.5,,15,,,,,,,,,,2.5,,,,,62.5,,,,,15,,,,,,,,,,,,,,,,,,,,
30 juin 2022,Intensif,19,C,N3,0.5,,,,,,,,,,,,,,,,,,,,,,,0.5,,,,,,,,,,,,,0.5,,,,,,,,,,,0.5,,,,,,85,,,,,0.5,,,,,,,,,,,,,,,,,,,,
30 juin 2022,Intensif,19,C,N6,2.5,,,,,,,,,,,,,,,,,,,,,,,2.5,,,,,,,,,,0.5,,,15,,0.5,,,,,,,,,,2.5,,,,,62.5,,,,,2.5,,,,,,,,,,,,,,,,,,,,
30 juin 2022,Intensif,19,C,N9,15,,,,,,,,,,,,,,,,,,,,,,,2.5,,,,,,,,,,,,,,,15,,15,,,,,,,,2.5,,,,,85,,,,,0.5,,,,,,,,,,,,,0.5,,,,,,,
30 juin 2022,Intensif,19,C,E3,0.5,,,,,,,,,,,,,,,,,,0.5,,2.5,,,2.5,,,,,,,,,,,,,,,0.5,,2.5,,,,,,,,0.5,,,,,62.5,,,,,15,,,,,,,,,,,,,,,,,,,,
30 juin 2022,Intensif,19,C,E6,0.5,,,,2.5,,,,,,,,,,,,,,,,2.5,,,2.5,,,,,,,,,,,,,37.5,,15,,0.5,,,,,,,,2.5,,,,,62.5,,,,,0.5,,,,,,,,,,,,,,,,,,,,
30 juin 2022,Intensif,19,C,E9,0.5,,,,,,,,,,,,,,,,,15,2.5,,2.5,,,0.5,,,,,,,,,,,,,37.5,,,,2.5,,,,,,,15,,,,,,37.5,,,,,,,,,,,,,,,,,,,,,,,,,
30 juin 2022,Intensif,19,C,S3,0.5,,,,,,,,,,,,,,,,,,,,,,,15,,,,,,,,,,0.5,,,2.5,,,,,,,,,,,2.5,0.5,,,,,85,,,,,2.5,,,,,,,,,,,,,,,,,,,,
30 juin 2022,Intensif,19,C,S6,0.5,,,,,,,,,,,,,,,,,,,,,,,2.5,,,,,,,,,,0.5,,,,,,,,,,,,,,,,2.5,,,,15,,,,,2.5,,,,,,,,,,,,,,,,,,,,
30 juin 2022,Intensif,19,C,S9,0.5,,,,,,,,,,,,,,,,,15,0.5,,,,,15,,,,,,,,,,0.5,,,,,,,,,,,,,,0.5,0.5,,,,,37.5,,,,0.5,,,,,,,,,,,,,,,,,,,,,
30 juin 2022,Intensif,19,C,W3,0.5,,,,,,,,,,,,,,,,,,,,,,,0.5,,,,,,,,,,,,,,,,,,,,,,,,,,,,,,85,,,,,2.5,,,,,,,,,,,,,,,,,,,,
30 juin 2022,Intensif,19,C,W6,2.5,,,,,,,,,,,,,,,,,,,,15,,,,,,,,,,,,,,,,15,,15,,2.5,,,,,,,,0.5,,,,,85,,,,,0.5,,,,,,,,,,,,,,,,,,,,
30 juin 2022,Intensif,19,C,W9,2.5,,,,,,,,,,,,,,,,,2.5,,,15,,,,,,,,,,,,,,,,,,15,,2.5,,,,,,,0.5,,,,,,85,,,,,15,,,,,,,,,,,,,,,,,,,,
30 juin 2022,Standard,20,A,N3,0.5,,,,,,,,,,,,,,,,,,2.5,,15,,,2.5,,,,,,,,,,,,,62.5,,15,,,,,,,,,15,,,,,,37.5,,,,,,,,,,,,,,,0.5,,,,,,,,,,
30 juin 2022,Standard,20,A,N6,,,,,,,,,,,,,,,,,,,,,,,,0.5,,,,,,,,15,,,,,85,,,,,,,,,,,,,,,,,15,,,,,,,,,,,,,,,,,,,,,,,,,
30 juin 2022,Standard,20,A,N9,0.5,,,,,,,,,,,,,,,,,,,,,,,2.5,,,,,,,,2.5,,,,,62.5,,,,,,,,,,,,,,,,,15,,,,,0.5,,,,,,,,,,0.5,,,,,,,,,,
30 juin 2022,Standard,20,A,E3,15,,,,,,,,,,,,,,,,,,2.5,,15,,,0.5,,,,,,,,0.5,,,,,62.5,2.5,,,,,,,,,,,0.5,,,,,62.5,,,,,2.5,,,,,,,,,,,,,,,,,,,,
30 juin 2022,Standard,20,A,E6,15,,,,,,,,,,,,,,,,,,,,0.5,,,2.5,,,,,,,,37.5,,,,,37.5,,0.5,,,,,,,,,,,,,,,62.5,,,,,0.5,,,,,,,,,,,,,,,,,,,,
30 juin 2022,Standard,20,A,E9,0.5,,,,,,,,,,,,,,,,,,,,,,,2.5,,,,,,,,2.5,,,,,15,15,,,,,,,,,,,,,,,,62.5,,,,,0.5,,,,,,,,,,,,,,,,,,,,
30 juin 2022,Standard,20,A,S3,2.5,,,,,,,,,,,,,,,,,,0.5,,,,,15,,,,,,,,,,,,,37.5,,,0.5,,,,,,,,0.5,2.5,,,,,37.5,,,,,,,,,,,,,,,,,,,,,,,,,
30 juin 2022,Standard,20,A,S6,,,,,,,,,,,,,,,,,,,15,,2.5,,,37.5,,,,,,,,,,,,,15,2.5,0.5,,,,,,,,,,2.5,,,,,,,,,,2.5,,,,,,,,,,37.5,,,,,,0.5,,,,
30 juin 2022,Standard,20,A,S9,,,,,,,,,,,,,,,,,,,,,,,,2.5,,,,,,,,,,,,,37.5,,,,,,,,,,,0.5,15,,,,,37.5,,,,,,,,,,,,,,,,,,,,,,,,,
30 juin 2022,Standard,20,A,W3,0.5,,,,0.5,,,,,,,,,,,,,,,,,,,0.5,,,,,,,,,,,,,,,0.5,,,,,,,,,,2.5,,,,,37.5,,,,,2.5,,,,,,,,,,,,,0.5,,,,,,,
30 juin 2022,Standard,20,A,W6,2.5,,,,,,,,,,,,,,,,,,,,,,,15,,,,,,,,,,,,,15,,,,,,,,,,,,,,,,,37.5,,,,,0.5,,,,,,,,,,,,,,,,,,,,
30 juin 2022,Standard,20,A,W9,0.5,,,,,,,,,,,,,,,,,,0.5,,,,,15,,,,,,,,,,,,,15,,,,,,,,,,,,,,,,,37.5,,,,,0.5,,,,,,,,,,,,,,,,,,,,
30 juin 2022,Standard,20,B,N3,,,,,,,,,,,,,,,,,,,2.5,,15,,,2.5,,,,,,,,0.5,,,,,37.5,0.5,,,0.5,,,,,,,,,,,,,37.5,,,,,15,,,,,,,,,,,,,,,,2.5,,,,
30 juin 2022,Standard,20,B,N6,2.5,,,,,,,,,,,,,,,,,,,,,,,15,,,,,,,,2.5,,,,,2.5,,,,,,2.5,,,,,,0.5,,,,,62.5,,,,,15,,,,,,,,,,,,,,,,,,,,
30 juin 2022,Standard,20,B,N9,,,,,0.5,,,,,,,,,,,,,,2.5,,15,,,0.5,,,,,,,,0.5,,,,,37.5,,,,0.5,,,,,,,15,2.5,,,,,62.5,,,,,,,,,,,,,,,,,,,,,,,,,
30 juin 2022,Standard,20,B,E3,0.5,,,,,,,,,,,,,,,,,,,,,,,0.5,,,,,,,,,,,,,15,,,,,,,,,,,,,,,,,85,,,,,2.5,,,,,,,,,,,,,,,,,,,,
30 juin 2022,Standard,20,B,E6,,,,,0.5,,,,,,,,,,,,,15,15,,15,,,2.5,,,,,,,,2.5,,,,,15,15,,,2.5,,,,,,,,2.5,,,,,62.5,,,,,2.5,,,,,,,,,,,,,,,,2.5,,,,
30 juin 2022,Standard,20,B,E9,2.5,,,,,,,,,,,,,,,,,0.5,15,,0.5,,,15,,,,,,,,,,,,,15,,,,0.5,,,,,,,,,,,,2.5,85,,,,,2.5,,,,,,,,,,,,,0.5,,,2.5,,,,
30 juin 2022,Standard,20,B,S3,,,,,,,,,,,,,,,,,,,,,,,,2.5,,,,,,,,0.5,,,,,15,15,,,,,,,,,,2.5,,,,,,85,,,,,0.5,,,,,,,,,,,,,,,,,,,,
30 juin 2022,Standard,20,B,S6,15,,,,,,,,,,,,,,,,,,,,0.5,,,2.5,,,,,,,,0.5,,,,,,2.5,,,,,,,,,,,,,,,,62.5,,,,,15,,,,,,,,,,,,,,,,0.5,,,,
30 juin 2022,Standard,20,B,S9,,,,,,,,,,,,,,,,,,,,,15,,,2.5,,,,,,,,,,,,,2.5,2.5,,,,,,,,,,,,,,,,62.5,,,,,15,,,,,,,,,,,,,,,,,,,,
30 juin 2022,Standard,20,B,W3,37.5,,,,,,,,,,,,,,,,,,2.5,,15,,,2.5,,,,,,,,,,,,,62.5,2.5,,,,,,,,,,,,,,,,15,,,,,0.5,,,,,,,,,,,,,,,,,,,,
30 juin 2022,Standard,20,B,W6,2.5,,,,37.5,,,,,,,,,,,,,,,,2.5,,,,,,,,,,,,,,,,62.5,0.5,,,,,,,,,,,,,,,,37.5,,,,,,,,,,,,,,,,,,,,,0.5,,,,
30 juin 2022,Standard,20,B,W9,,,,,,,,,,,,,,,,,,,2.5,,37.5,,,15,,,,,,,,2.5,,,,,37.5,15,,,,,,,,,,,,,,,,62.5,,,,,,,,,,,,,,,2.5,,,0.5,,,0.5,,,,
30 juin 2022,Standard,20,C,N3,0.5,,,,,,,,,,,,,,,,,,15,,,,,0.5,,,,,,,,,,,,,37.5,,0.5,0.5,,,,,,,,,2.5,,,,,37.5,,,,,,,,,,,,,,,,,,,,,,,,,
30 juin 2022,Standard,20,C,N6,,,,,,,,,,,,,,,,,,,15,,,,,0.5,,,,,,,,,,,,,15,,,,,,,,,,,15,15,,,,,37.5,,,,,,,,,,,,,,,,,,,,,,,,,
30 juin 2022,Standard,20,C,N9,,,0.5,,,,,,,,,,,,,,,,,,15,,,0.5,,,,,,,,,,,,,62.5,,,,,,,,,,,,2.5,,,,,15,,,,0.5,,,,,,,,,,,,,,,,,,,,,
30 juin 2022,Standard,20,C,E3,0.5,,,,,,,,,,,,,,,,,,2.5,,15,,,15,,,,,,,,,,,,,37.5,,15,,2.5,,,,,,,,0.5,,,,,15,,,,,,,,,,,,,,,,,,,,,,,,,
30 juin 2022,Standard,20,C,E6,2.5,,,,,,,,,,,,,,,,,,15,,2.5,,,0.5,,,,,,,,,,,,,,,,,,,,,,,,2.5,0.5,,,,,85,,,0.5,,0.5,,,,,,,,,,,,,0.5,,,,,,,
30 juin 2022,Standard,20,C,E9,,,0.5,,,,,,,,,,,,,,,,0.5,,,,,2.5,,,,,,,,,,,,,2.5,,,,0.5,,,,,,,,,,,,,15,,,,,0.5,,,,,,,,,,,,,0.5,,,,,,,
30 juin 2022,Standard,20,C,S3,,,,,,,,,,,,,,,,,,,,,,,,0.5,,,,,,,,,,,,,37.5,,,,,,,,,,,0.5,0.5,,,,,15,,,,,0.5,,,,,,,,,,,,,15,,,,,,,
30 juin 2022,Standard,20,C,S6,0.5,,,,2.5,,,,,,,,,,,,,,2.5,,,,,0.5,,,,,,,,,,,,,62.5,,,,,,,,,,,,15,,,,,15,,,,,2.5,,,,,,,,,,,,,,,,,,,,
30 juin 2022,Standard,20,C,S9,0.5,,,,,,,,,,,,,,,,,,15,,,,,2.5,,,,,,,,,,,,,15,,,,,,,,,,,,2.5,,,,,15,,,,,,,,,,,,,,,,,,,,,,,,,
30 juin 2022,Standard,20,C,W3,,,,,,,,,,,,,,,,,,,0.5,,15,,,2.5,,,,,,,,,,,,,37.5,,,,,,,,,,,,,,,,,62.5,,,,,0.5,,,,,,,,,,,,,,,,,,,,
30 juin 2022,Standard,20,C,W6,,,,,,,,,,,,,,,,,37.5,,15,,,,,2.5,,,,,,,,,,,,,15,,,,,,,,,,,,,,,,,37.5,,,,,15,,,,,,,,,,,,,0.5,,,,,,,
30 juin 2022,Standard,20,C,W9,2.5,,,,0.5,,,,,,,,,,,,,37.5,37.5,,15,,2.5,,,,,,,,,,,,,,85,,,,37.5,,,,,,,0.5,,,,,,15,,,,,0.5,,,,,,,,,,,,,,,,,,,,
11 juil. 2022,2_ans,28,A,N3,37.5,,15,,,,,,,,,,,,,,,,,,15,,,15,,,,,,,,,,,,,,,,,,,,,,,,,0.5,,,,,62.5,,,,,15,,,,,,,,,,,,,,,,,,,,
11 juil. 2022,2_ans,28,A,N6,2.5,,37.5,,,,,,,,,,,,2.5,2.5,,,,,37.5,,,2.5,,,,,,,,,,,,,2.5,,,2.5,,,,,,,,,,,,,,62.5,,,,,2.5,,,,,,,,,,,,,,,,,,,,
11 juil. 2022,2_ans,28,A,N9,0.5,,15,,2.5,,,,,,,,,,,,,,15,,37.5,,,15,,,,,,,,,,,,,,,2.5,15,15,,,,,,,,,,,,,62.5,,,,,2.5,,,,,,,,,,,,15,,,,,,,,
11 juil. 2022,2_ans,28,A,E3,,,37.5,,37.5,,,,,,,,,,2.5,,,15,15,,15,,,15,,,,,,,,,,,2.5,,,,,2.5,,,,,,,,,15,,,,,62.5,,,,,15,,,,,,,,,,,,,15,,,,,,,
11 juil. 2022,2_ans,28,A,E6,,,2.5,,15,,,,,,,,,,,,,37.5,15,,15,,,2.5,,,,,,,,,,,,,,,,,15,,,,,,,,,,,,,62.5,,,,,15,,,,,,,,,,,,,,,,,,,,
11 juil. 2022,2_ans,28,A,E9,15,,15,,,,,,,,,,,,,,,15,2.5,,62.5,,,15,,,,,,,,,,,,,,,,,15,,,,,,,,,,,,,62.5,,,,,2.5,,,,,,,,,,,,,,,,,,,,
11 juil. 2022,2_ans,28,A,S3,,,15,,62.5,,,,,,,,,,,,,,2.5,,15,,,2.5,,,,,,,,,,,2.5,,,,,,,,,,,,,,2.5,,,,,85,,,,,0.5,,,,,,,,,,,,,,,,,,,,
11 juil. 2022,2_ans,28,A,S6,2.5,,37.5,,62.5,,,,,,,,,,,,,,2.5,,15,,,2.5,,,,,,,,,,,,,,,,2.5,,,,,,,,,15,,,,,85,,,,,2.5,,,,,,,,,,,,,0.5,,,,,,,
11 juil. 2022,2_ans,28,A,S9,0.5,,,,0.5,,2.5,,,,,,,,,,,15,,,2.5,,,2.5,,,,,,,,,,,,,2.5,,,2.5,37.5,,,,,,,,15,,,,,85,,,,,15,,,,,,,,,,,,,15,,,,,,,
11 juil. 2022,2_ans,28,A,W3,37.5,,2.5,,,,,,,,,,,,,,,15,15,,,,,0.5,,,,,,,,,,,0.5,,,,2.5,2.5,37.5,,,,,,,,0.5,,,,,85,,,,,2.5,,,,,,,,,,,,,0.5,,,,,,,
11 juil. 2022,2_ans,28,A,W6,37.5,,2.5,,,,,,,,,,,,,,,15,15,,,,,2.5,,,,15,,,,,,,,,,,,15,15,,,,,,,,15,,,,,62.5,,,,,15,,,,,,,,,,,,,,,,,,,,
11 juil. 2022,2_ans,28,A,W9,2.5,,,,,,,,,,,,,,,,,,,,,,,0.5,,,,,,,,,,,,,,,15,,,,,,,,,,,15,,,,62.5,,,,,0.5,,,,,,,,,,,,,,,,,,,,
11 juil. 2022,2_ans,28,B,N3,0.5,,37.5,,0.5,,,,,,,,,,,,,15,2.5,,,,,15,2.5,,,,,,,,,,,,,,,,2.5,,,,,,,,,,,,,62.5,,,,,15,,,,,,,,,,,,,15,,,,,2.5,,
11 juil. 2022,2_ans,28,B,N6,0.5,,2.5,,37.5,,15,,,,,,,,,,,,,,2.5,,,15,15,,,,,,,,,,,,,,,,2.5,,,,,,,,,,,,,85,,,,,0.5,,,,,,,,,,,,,,,,15,,,,
11 juil. 2022,2_ans,28,B,N9,2.5,,15,,15,,15,,,,,,,,,,,2.5,2.5,,37.5,,2.5,15,37.5,,,2.5,,,,,,,,,,,,15,15,,2.5,,,,,,,,,,,62.5,,,,,0.5,,,,,,,,,,,,,,,,2.5,,,,
11 juil. 2022,2_ans,28,B,E3,0.5,,0.5,,2.5,,2.5,,,,,,,,,,,15,15,,2.5,,,2.5,15,,,,,,,,,,,,,,2.5,2.5,2.5,,,,,,,,,,,,,37.5,,,,,2.5,,,,,,,,,,,,,,,,,,15,,
11 juil. 2022,2_ans,28,B,E6,,,,,37.5,,,,,,,,,,,,,,2.5,,2.5,,,15,15,,,,,,,,,,,,,,2.5,,,,,,,,,,,,,,,15,,,,15,2.5,,,,,,,,,,,,,,,,,,,,
11 juil. 2022,2_ans,28,B,E9,0.5,,15,,,,,,,,,,,,,,,0.5,2.5,,15,,,15,15,,,,,,,,,,,,,,,,2.5,,,,,,,,,,,,,37.5,,,,,,,,,,,,,,,,,,,,,,,,,
11 juil. 2022,2_ans,28,B,S3,,,,,15,,,,,,0.5,,,,,,,,15,,62.5,,0.5,2.5,15,,,,,,,,,,,,,,2.5,0.5,2.5,,,,,,,,,,,,,85,,,,,0.5,,,,,,,,,,,,,,,,,,,,
11 juil. 2022,2_ans,28,B,S6,15,,2.5,,15,,,,,,,,,,2.5,,,2.5,0.5,,15,,,37.5,2.5,,,,,,,,,,,,,,2.5,15,2.5,,,,,,,,,,,,,62.5,,,,,15,,,,,,,,,,,,,,,,15,,,,
11 juil. 2022,2_ans,28,B,S9,0.5,,15,,2.5,,,,,,,,,,,,,15,15,,15,,2.5,2.5,37.5,,,,,,,,,,,,,,2.5,2.5,2.5,,,,,,,,0.5,,,,,62.5,,,,,15,,,,,,,,,,,,,,,,,,,,
11 juil. 2022,2_ans,28,B,W3,15,,,,,,15,,,,2.5,,,,,,,15,,,2.5,,,15,,,,,,,,,,,,,,,,2.5,2.5,,,,,,,,0.5,2.5,,,15,37.5,,,,,2.5,,,,,,,,,,,,,,,,,,,,
11 juil. 2022,2_ans,28,B,W6,2.5,,,,37.5,,2.5,,,,,,,,,,,15,15,,2.5,,,2.5,,,,,,,,,,2.5,,,,,,,2.5,,,,,,,,,,,,,85,,,,,0.5,,,,,,,,,,,,,,,,37.5,,,,
11 juil. 2022,2_ans,28,B,W9,15,,,,,,15,,,,,,,,,,,15,37.5,,37.5,,,2.5,,,,,,,,,,0.5,,,,,2.5,,15,,,,,,,2.5,,,,,,62.5,,,,,0.5,,,,,,,,,,,,,2.5,,,,,,,
11 juil. 2022,2_ans,28,C,N3,0.5,,,,,,,,,,,,,,0.5,,,15,2.5,,,,,2.5,,,,,,,,,,,,,,,,,0.5,,,,,,2.5,,,,,,,62.5,,,,,15,,,,,,,,,,,,,,,,,,,,
11 juil. 2022,2_ans,28,C,N6,2.5,,,,,,15,,,,,,,,,,,15,,,15,,,15,,,,,,,,,,,,,,,,,15,,,,,,,,,,,,,62.5,,,,,15,,,,,,,,,,,,,,,,0.5,,,,
11 juil. 2022,2_ans,28,C,N9,0.5,,,,,,15,,,,,,,,,0.5,,15,,,15,,,15,2.5,,,,,,,,,,,,0.5,,15,,37.5,,,,,,,,,,,,,62.5,,,,,15,,,,,,,,,,,,,,,,,,,,
11 juil. 2022,2_ans,28,C,E3,0.5,,,,,,,,,,,,,,,,,15,2.5,,0.5,,2.5,15,,,,,,,,,,,,,,,,,2.5,,,,,,,,,,,,,85,,,,,2.5,,,,,,,,,,,,,,,,,,,,
11 juil. 2022,2_ans,28,C,E6,0.5,,,,,,,,,,,,,,,,,2.5,,,15,,,2.5,15,,,,,,,,,,,,,,,,0.5,,,,,,,,,,,,,62.5,,,,15,37.5,,,,,,,,,,,,,,,,,,,,
11 juil. 2022,2_ans,28,C,E9,0.5,,,,,,,,,,,,,,,2.5,,2.5,,,2.5,,,15,0.5,,,,,,,,,,,,,,,,15,,,,,,,,,,,,,85,,,,37.5,15,,,,,,,,,,,,,,,,,,,,
11 juil. 2022,2_ans,28,C,S3,0.5,,,,0.5,,,,,,,,,,,2.5,,15,,,2.5,,,15,,,,,,,,,,,,,0.5,,,,15,,,,,,,0.5,,,,,,37.5,,,,,15,,,,,,,,,,,,,,,,,,,,
11 juil. 2022,2_ans,28,C,S6,37.5,,,,15,,,,,,0.5,,,,,15,,62.5,,,15,,2.5,15,,,,,,,,,,0.5,,,,,2.5,15,15,,,,,,,,0.5,,,,,62.5,,,,37.5,0.5,,,,,,,,,,,,,,,,,,,,
11 juil. 2022,2_ans,28,C,S9,15,,,,,,2.5,,,,,,,,,2.5,,37.5,,,37.5,,15,37.5,,,,,,,,,,,,,,,2.5,,37.5,,,,,,,,,,,,,37.5,,,,15,15,,,,,,,,,,,,,,,,,,,,
11 juil. 2022,2_ans,28,C,W3,0.5,,,,,,,,,,,,,,2.5,15,,15,15,,,,,15,,,,,,,,,,,,,15,,,,2.5,,,,,,,,,,,,,62.5,,,,,15,,,,,,,,,,,,,,,,,,,,
11 juil. 2022,2_ans,28,C,W6,,,,,15,,,,,,,,,,,,,15,0.5,,15,,,0.5,,,,,,,,,,,,,15,,,,2.5,,,,,,,,2.5,,,,,2.5,,,,,62.5,,,,,,,,,,,,,,,,,,,,
11 juil. 2022,2_ans,28,C,W9,37.5,,,,,,,,,,,,,,,,,15,,,15,,,15,15,,,2.5,,,,,,,,,15,,2.5,,2.5,,,,,,,,,,,,,37.5,,,,37.5,15,,,,,,,,,,,,,,,,,,,,
11 juil. 2022,Standard,29,A,N3,,,,,,,,,,,,,,,,,,,,,,,,0.5,,,,,,,,,,,,,37.5,,,,,,,,,,,,,,,,,2.5,,,,,2.5,,,,,,,,,,,,,,,,,,,,
11 juil. 2022,Standard,29,A,N6,2.5,,,,2.5,,,,,,,,,,,,,,2.5,,2.5,,,2.5,,,,,,,,0.5,,,,,15,,2.5,,2.5,,,,,,,2.5,,,,,,62.5,,,,,,,,,,,,,,,,,,,,,,,,,
11 juil. 2022,Standard,29,A,N9,15,,,,,,,,,,,,,,,,,15,15,,15,,,2.5,,,,2.5,,,,2.5,,,,,,,2.5,,2.5,,,,,,,2.5,,,,,,62.5,,,,,2.5,,,,,,,,,,,,,,,,,,,,
11 juil. 2022,Standard,29,A,E3,0.5,,,,0.5,,,,,,,,,,,,,,2.5,,,,,2.5,,,,,,,,,,,,,2.5,,,,0.5,,,,,,,,,,,,,62.5,,,,,15,,,,,,,,,,,,,,,,,,,,
11 juil. 2022,Standard,29,A,E6,0.5,,,,,,,,,,,,,,,,,,,,15,,,2.5,,,,,,,,2.5,,,,,15,,,,0.5,,,,,,,,,,,,,62.5,,,,,15,,,,,,,,,,,,,,,,2.5,,,,
11 juil. 2022,Standard,29,A,E9,,,,,2.5,,,,,,,,,,2.5,,,,0.5,,15,,,15,,,,,,,,2.5,,,,,15,,,,2.5,,,,,,,,,,,2.5,,37.5,,,,,15,,,,,,,,,,2.5,,,,,,2.5,,,,
11 juil. 2022,Standard,29,A,S3,0.5,,,,2.5,,2.5,,,,,,,,,,,15,15,,15,,,2.5,,,,,,,,,,,,,2.5,,,,2.5,,,,,,,0.5,,,,,,85,,,,,0.5,,,,,,,,,,,0.5,,,,,,,,,
11 juil. 2022,Standard,29,A,S6,2.5,,,,,,2.5,,,,,,,,,,,2.5,2.5,,2.5,,,2.5,,,,,,,,,,,,,,,,,2.5,,,2.5,,,,,,,,,,62.5,,,,,0.5,,,,,,,,,,,,,,,,,,,,
11 juil. 2022,Standard,29,A,S9,0.5,,,,,,,,,,,,,,,,,2.5,0.5,,15,,,2.5,,,,,,,,,,,,,,,2.5,,0.5,,,,,,,,0.5,,,,,85,,,,,0.5,,,,,,,,,,,,,,,,,,,,
11 juil. 2022,Standard,29,A,W3,0.5,,,,,,,,,,,,,,,,,0.5,0.5,,,,,0.5,,,,,,,,,,,,,15,,,,0.5,,,,,,,,,,,,,15,,,,,2.5,,,,,,,,,,,,,,,,,,,,
11 juil. 2022,Standard,29,A,W6,,,,,,,2.5,,,,,,,,,,,,,,2.5,,,0.5,,,,,,,,,,2.5,,,2.5,,,,0.5,,,,,,,0.5,,,,,,15,,,,,2.5,,,,,,,,,,,,,,,,,,,,
11 juil. 2022,Standard,29,A,W9,2.5,,,,2.5,,,,,,,,,,,,,2.5,0.5,,62.5,,,2.5,,,,,,,,,,,,,2.5,2.5,,,2.5,,,,,,,2.5,,,,,,85,,,,,0.5,,,,,,,,,,,,,,,,2.5,,,,
28 juin 2022,Standard,29,B,N3,2.5,,,,15,,,,,,,,,,,,,,37.5,,15,,,2.5,,,,,,,,2.5,,,,,15,,15,2.5,,,,,,,,,,,,,,62.5,,,,,15,,,,,,,,,,2.5,,,,,,,,,,
28 juin 2022,Standard,29,B,N6,2.5,,,,,,,,,,,,,,,,,,,,2.5,,,37.5,,,,,,,,,,,,,,,15,2.5,,,,,,,,,,,,,,15,,,,,,,,,,,,,,,2.5,,,2.5,,,2.5,,,,
28 juin 2022,Standard,29,B,N9,2.5,,,,,,,,,,,,,,,,,,2.5,,,,,15,,,,,,,,,,,,,0.5,,,,,,,,,,,,,,,,,62.5,,,,,15,,,,,,,,,,2.5,,,0.5,,,,,,,
28 juin 2022,Standard,29,B,E3,2.5,,,,2.5,,,,,,,,,,,,,2.5,2.5,,15,,,15,,,,,,,,2.5,,,,,,,,,,,,,,,,,0.5,,,,,37.5,,,,,,,,,,,,,,,,,,,,,2.5,,,,
28 juin 2022,Standard,29,B,E6,,,,,,,,,,,,,,,,,,,2.5,,2.5,,,15,,,,,,,,,,,,,2.5,,,2.5,,,,,,,,,,,,,,62.5,,,,,2.5,,,,,,,,,,,,,,,,,,,,
28 juin 2022,Standard,29,B,E9,2.5,,37.5,,,,15,,,,,,,,,,,,2.5,,62.5,,,2.5,,,,,,,,,,,,,,,,,,,,,,,,,0.5,,,,,62.5,,,,,2.5,,,,,,,,,,,,,,,,,,,,
28 juin 2022,Standard,29,B,S3,0.5,,,,,,,,,,,,,,,,,2.5,15,,2.5,,,2.5,,,,,,,,,,,,,2.5,,,,,,,,,,,,,,,,,37.5,,,,,,,,,,,,,,,,,,,,,,,,,
28 juin 2022,Standard,29,B,S6,2.5,,,,,,,,,,,,,,,,,,,,,,,37.5,,,,,,,,,,,,,,,,,,,,,,,,,15,,,,0.5,37.5,,,,,,,,,,,,,,,0.5,,,,,,,,,,
28 juin 2022,Standard,29,B,S9,15,,,,,,,,,,,,,,,,,,,,,,,15,,,,,,,,,,,,,,,,,,,,,,,,,,,,,,2.5,,,,,,,,,,,,,,,,,,,,,,,,,
28 juin 2022,Standard,29,B,W3,,,,,,,,,,,,,,,,,,,,,,,,15,,,,,,,,,,,,,,,,,,,,,,,,,,,,,,2.5,,,,,,,,,,,,,,,,,,,,,,,,,
28 juin 2022,Standard,29,B,W6,,,,,,,,,,,,,,,,,,,,,,,,15,,,,,,,,,,,,,,,,,,,,,,,,,,,,,,15,,,,,2.5,,,,,,,,,,,,,,,,,,,,
28 juin 2022,Standard,29,B,W9,0.5,,,,,,,,,,,,,,,,,,,,,,,15,,,,,,,,,,,,,,,,,,,,,,,,,,,,,15,37.5,,,,,2.5,,,,,,,,,,,,,,,,,,,,
27 juin 2022,Standard,29,C,N3,0.5,,,,2.5,,,,,,,,,,,,,2.5,,,2.5,,,15,,,,,,,,,,,,,37.5,,,,0.5,,,,,,,,,,,,,62.5,,,,2.5,,,,,,,,,,,,,,,,2.5,2.5,,,,
27 juin 2022,Standard,29,C,N6,,,,,0.5,,,,,,,,,,,,,15,2.5,,37.5,,,15,,,,,,,,,,,,,,15,15,,2.5,,,,,,,2.5,,,,,,62.5,,,,,,,,,,,,,,,,,,,,,2.5,,,,
27 juin 2022,Standard,29,C,N9,2.5,,,,15,,,,,,,,,,,,,2.5,,,37.5,,,2.5,,,,,,,,,,,,,,2.5,0.5,,,,,,,,,0.5,,,,,,62.5,,,,,,,,,,,,,,,,,0.5,,,2.5,2.5,,,,
27 juin 2022,Standard,29,C,E3,2.5,,,,,,,,,,,,,,,,,15,,,2.5,,,37.5,,,,,15,,,2.5,,,,,15,2.5,,,2.5,,,,,,,0.5,,,,,,37.5,,,,,,,,,,,,,,,,,,,,,2.5,,,,
27 juin 2022,Standard,29,C,E6,,,,,,,,,,,,,,,,,,,,,,,,2.5,,,,,,,,,,,,,2.5,,,,2.5,,,,,,,,,,,,,85,,,,,,,,,,,,,,,,,,,,,,,,,
27 juin 2022,Standard,29,C,E9,,,,,,,,,,,,,,,,,,,,,,,,2.5,,,,,,,,,,,,,,,,,15,,,,,,,,,,,,,62.5,,,,,2.5,,,,,,,,,,,,,,,,,,,,
27 juin 2022,Standard,29,C,S3,2.5,,,,,,,,,,,,,,,,,15,,,15,,,2.5,,,,,,,,,,,,,,,,,15,,,,,,,,,,,,,37.5,,,,15,,,,,,,,,,,,,,,,,15,2.5,,,
27 juin 2022,Standard,29,C,S6,0.5,,,,15,,,,,,,,,,,,,15,0.5,,15,,,2.5,,,,,,,,,,,,,,2.5,,,2.5,,,,,,,,,,,,,62.5,,,,15,,,,,,,,,,,,,,,,,2.5,0.5,,,
27 juin 2022,Standard,29,C,S9,,,,,15,,,,,,,,,,,,,37.5,37.5,,2.5,,,2.5,,,,,15,,,,,,,,,2.5,0.5,,,,,,,,,,,,,,,37.5,,,,,,,,,,,,,,,,,,,,,2.5,,,,
27 juin 2022,Standard,29,C,W3,0.5,,,,15,,,,,,,,,,,,,2.5,,,2.5,,,,,,,,,,,,,2.5,,,,,,,2.5,,,,,,,,,,,,,37.5,,,,,37.5,,,,,,,,,,,,,,,,2.5,,,,
27 juin 2022,Standard,29,C,W6,0.5,,,,15,,,,,,,,,,,,,,,,,,,2.5,,,,,,,,,,,,,,,,,,,,,,,,,,,,,,85,,,,,2.5,,,,,,,,,,,,,,,,2.5,,,,
27 juin 2022,Standard,29,C,W9,,,,,,,,,,,,,,,,,,,,,,,,2.5,,,,,,,,,,,,,,,,,,,,,,,,,,,,,2.5,37.5,,,,,37.5,,,,,,,,,,,,,,,,2.5,,,,
28 juin 2022,Intensif,30,A,N3,15,,,,,,2.5,,,,,,,,,,,,2.5,,15,,,15,,,,,,,,,,,,,37.5,,,,,,,,,,,,,,,,,37.5,,,,,,,,,,,,,,,,,,,,,0.5,15,,,
28 juin 2022,Intensif,30,A,N6,0.5,,0.5,,,,2.5,,,,0.5,,,,,,,,2.5,,15,,,15,,,,,,,,,,,,,,,,,2.5,,,,,,,0.5,0.5,,,0.5,,62.5,,,,,2.5,,,,,,,,,,,,,,,,0.5,0.5,,,
28 juin 2022,Intensif,30,A,N9,0.5,,,,,,2.5,,,,,,,,,,,2.5,2.5,,15,,,15,,,,,,,,2.5,,,,,2.5,,,,37.5,,,,,,,,0.5,,,,,2.5,,,,,,,,,,,,,,,,,,,,,,,,,
28 juin 2022,Intensif,30,A,E3,0.5,,,,,,,,,,,,,,,,,,2.5,,2.5,,,15,,,,,,,,,,,,,2.5,,,,,,,,,,,,15,,,0.5,,62.5,,,,,,,,,,,,,,,,,,,,,,,,,
28 juin 2022,Intensif,30,A,E6,37.5,,,,37.5,,15,,,,,,,,,,,,,,15,,,15,,,,,,,,,,,,,2.5,,15,,2.5,,,,,,,,15,,,,,85,,,,,2.5,,,,,,,,,,,,,,,,,,,,
28 juin 2022,Intensif,30,A,E9,2.5,,,,,,2.5,,,,,,,,,,,2.5,,,15,,,2.5,,,,,,,,15,,,,,0.5,,15,,2.5,,,,,,,,0.5,,,,,85,,,,,,,,,,,,,,,,,,,,,,,,,
28 juin 2022,Intensif,30,A,S3,,,,,,,,,,,,,,,,,,,,,,,,2.5,,,,,,,,,,,,,15,,,,,,,,,,,,,,,,,62.5,,,,,2.5,,,,,,,,,,,,,,,,,,,,
28 juin 2022,Intensif,30,A,S6,0.5,,,,,,,,,,,,,,,,,,0.5,,,,,37.5,,,,,,,,,,,,,0.5,,,,,,,,,,,0.5,,,,,,15,,,,,,,,,,,,,,,,,,,,,0.5,,,,
28 juin 2022,Intensif,30,A,S9,,,,,,,,,,,,,,,,,,,2.5,,15,,,15,,,,,,,,,,,,,2.5,,,,,,,,,,,,2.5,,,,,15,,,,,0.5,,,,,,,,,,,,0.5,,,,0.5,,,,
28 juin 2022,Intensif,30,A,W3,2.5,,,,,,,,,,,,,,,,,,2.5,,15,,,15,,,,,,,,,,,,,15,,,,,,,,,,,2.5,,,,,,15,,,,,,,,,,,,,,,,,,,,,,,,,
28 juin 2022,Intensif,30,A,W6,2.5,,2.5,,,,,,,,,,,,,,,,,,,,,15,,,,,,,,,,,,,15,,,,,,,,,,,,2.5,,,,,15,,,,,0.5,,,,,,,,,,,,,,,,,,,,
28 juin 2022,Intensif,30,A,W9,,,,,,,,,,,,,,,,,,,,,,,,15,,,,,,,,,,,,,,,,,,,,,,,,,,,,,,15,,,,,0.5,,,,,,,,,,,,,,,,,,,,
28 juin 2022,Intensif,30,B,N3,37.5,,2.5,,,,,,,,0.5,,,,,,,,,,15,,,2.5,,,,,,,,2.5,,,,,15,,,,,,,,,,,,15,,,,,62.5,,,,,,,,,,,,,,,,,,,,,,,,,
28 juin 2022,Intensif,30,B,N6,2.5,,2.5,,,,,,,,,,,,,,,,,,15,,,2.5,,,,,,,,,,,,,0.5,,15,,,,,,,,,,2.5,,,,,85,,,,,,,,,,,,,,,,,,0.5,,,,,,,
28 juin 2022,Intensif,30,B,N9,0.5,,0.5,,,,37.5,,,,,,,,,,,,,,15,,,15,,,,,,,,,,,,,2.5,,15,,0.5,,,,,,,2.5,,,,,,62.5,,,,0.5,2.5,,,,,,,,,,,,,,,,,,,,
28 juin 2022,Intensif,30,B,E3,2.5,,2.5,,,,,,,,,,,,,,,,,,,,,15,,,,,,,,,,,,,,,,,,,,,,,,,2.5,,,,,37.5,,,,,2.5,,,,,,,,,,,,,,,,,,,,
28 juin 2022,Intensif,30,B,E6,2.5,,,,,,,,,,,,,,,,,,,,2.5,,,15,,,,,,,,,,,,,,,,,,,,,,,,,,,,,,62.5,,,,,15,,,,,,,,,,,,,,,,,,,,
28 juin 2022,Intensif,30,B,E9,2.5,,15,,,,,,,,,,,,,,,,,,,,,15,,,,,,,,,,,,,,,,,,,2.5,,,,,,,,,,,15,,,,2.5,2.5,,,,,,,,,,,,,,,,,,,,
28 juin 2022,Intensif,30,B,S3,2.5,,2.5,,,,,,,,,,,,,,,,,,15,,,2.5,,,,,,,,,,,,,2.5,,15,,,,,,,,,,2.5,,,,,62.5,,,,,0.5,,,,,,,,,,,,,,,,,,,,
28 juin 2022,Intensif,30,B,S6,2.5,,,,,,,,,,,,,,,,,,,,,,,15,,,,,,,,,,,,,,,,,,,,,,,,,,,,,,37.5,,,,,2.5,,,,,,,,,,,,,,,,,,,,
28 juin 2022,Intensif,30,B,S9,0.5,,15,,,,,,,,,,,,,,,,,,,,,15,,,,,,,,,,,,,2.5,,,,,,,,,,,,,,,,,37.5,,,,,,,,,,,,,,,,,,,,,,,,,
28 juin 2022,Intensif,30,B,W3,0.5,,,,,,15,,,,,,,,,,,,2.5,,37.5,,,2.5,,,,,,,,,,,,,2.5,,15,,0.5,,,,,,,,0.5,,,,,62.5,,,,,,,,,,,,,,,,,,,,,,,,,
28 juin 2022,Intensif,30,B,W6,2.5,,,,,,,,,,,,,,,,,,,,15,,,15,,,,,,,,,,,,,0.5,,2.5,,,,,,,,,,2.5,,,,,85,,,,,,,,,,,,,,,,,,,,,,,,,
28 juin 2022,Intensif,30,B,W9,2.5,,,,,,,,,,,,,,,,,,,,0.5,,,15,,,,,,,,0.5,,,,,15,,,,,,15,,,,,,0.5,,,,,55.5,,,,,2.3,,,,,,,,,,,,,,,,,,,,
28 juin 2022,Intensif,30,C,N3,15,,,,,,,,,,,,,,,,,15,2.5,,15,,,2.5,,,,,,,,,,2.5,,,,,15,,15,,,,,,,,,,,,,97.5,,,,,,,,,,,,,,,,,,,,,,,,,
28 juin 2022,Intensif,30,C,N6,2.5,,,,,,,,,,,,,,,,,,,,2.5,,,2.5,,,,,,,,,,,,,2.5,,2.5,,2.5,,,,,,,0.5,,,,,,85,,,,,,,,,,,,,,,,,,,,,,,,,
28 juin 2022,Intensif,30,C,N9,2.5,,,,,,,,,,0.5,,,,,,,,2.5,,37.5,,,2.5,,,,,,,,,,,,,15,,15,15,15,,,,,,,,,,,,,85,,,,,,,,,,,,,,,,,,,,,0.5,2.5,,,
28 juin 2022,Intensif,30,C,E3,37.5,,,,,,,,,,,,,,,,,,0.5,,0.5,,,15,,,,,,,,,,,,,15,,,,0.5,,,,,,,,,,,,,62.5,,,,,,,,,,,,,,,,,,,,,0.5,,,,
28 juin 2022,Intensif,30,C,E6,2.5,,,,,,,,,,,,,,,,,,,,,,,15,,,,,,,,,,,,,15,,,,,,,,,,,2.5,,,,,,62.5,,,,,2.5,,,,,,,,,,,,,,,,37.5,,,,
28 juin 2022,Intensif,30,C,E9,62.5,,,,,,0.5,,,,,,,,,,,,,,,,,15,,,,,,,,,,,,,,,,,,,,,,,,,,,,,,37.5,,,,,2.5,,,,,,,,,,,,,,,,,,,,
28 juin 2022,Intensif,30,C,S3,15,,,,,,,,,,,,,,,,,,15,,15,,,0.5,,,,,,,,,,,,,62.5,,,,15,,,,,,,15,,,,,,37.5,,,,,,,,,,,,,,,,,,,,,2.5,,,,
28 juin 2022,Intensif,30,C,S6,15,,,,,,,,,,,,,,,,,,15,,2.5,,,2.5,,,,,,,,0.5,,,,,85,,15,,15,,,,,,,0.5,,,,,,0.5,,,,,0.5,,,,,,,,,,,,,,,,2.5,2.5,,,
28 juin 2022,Intensif,30,C,S9,,,,,,,,,,,,,,,,,,37.5,15,,37.5,,,2.5,,,,,,,,2.5,,,,,37.5,,2.5,,15,,,,,,,,,,,,,37.5,,,,,,,,,,,,,,,,,,,,,0.5,2.5,,,
28 juin 2022,Intensif,30,C,W3,,,,,,,,,,,,,,,,,,,15,,2.5,,,2.5,,,,,,,,,,,,,15,,2.5,,15,,,,,,,,,,,,,37.5,,,,,0.5,,,,,,,,,,,,,,,,0.5,2.5,,,
28 juin 2022,Intensif,30,C,W6,2.5,,,,,,,,,,,,,,,,,15,15,,37.5,,,2.5,,,,,,,,,,,,,37.5,,,,15,,,,,,,,,,,,,62.5,,,,,37.5,,,,,,,,,,,,,,,,2.5,,,,
28 juin 2022,Intensif,30,C,W9,37.5,,,,,,,,,,,,,,,,,15,2.5,,15,,,6,,,,,,,,,,,,,26,,0.5,,15,,,,,,,0.5,,,,,,55,,,,,4,,,,,,,,,,,,,,,,15,,,,
12 juil. 2022,Aucun,50,A,N3,2.5,,,,,,,,,,2.5,,,,,,,,,,2.5,,,15,,,,,,,,,,,,,,,,,0.5,,0.5,,,,,,,,,0.5,,62.5,,,,,2.5,,,,,,,,,,,,,0.5,,,,,,,
12 juil. 2022,Aucun,50,A,N6,15,,,,,,,,,,,,,,,,,2.5,,,15,,,15,15,,,,,,,2.5,,,,,,,,,2.5,,0.5,,,,,2.5,15,,,,,62.5,,,,,2.5,,,,,,,,,,,,,,,,2.5,,,,
12 juil. 2022,Aucun,50,A,N9,2.5,,,,,,,,,,0.5,,,,,,,,,,15,,,15,,,,,,0.5,,,,,,,,,0.5,,0.5,,15,,,,,2.5,2.5,,,,,15,,,,,,,,,,,,,,,,,,,,,,,,,
12 juil. 2022,Aucun,50,A,E3,,,2.5,,,,,,,,,,,,,,,,,,,,,2.5,,,,,,,,,,,,,37.5,,,,,,,,,,,,2.5,,,,,15,,,,,2.5,,0.5,,,,,,,,,,,,,,,,,,
12 juil. 2022,Aucun,50,A,E6,15,,,,,,,,,,,,,,,,,,,,37.5,,,0.5,,,,,,,,,,,,,37.5,,,,,,,,,,,,0.5,,,,,37.5,,,,,,,0.5,,,,,,,,,,,,,,,,,,
12 juil. 2022,Aucun,50,A,E9,15,,,,,,,,,,,,,,,,,,,,,,,2.5,,,,,,,,,,,,,37.5,,2.5,,,,0.5,,,,,,0.5,,,,,37.5,,,,,0.5,,2.5,,,,,0.5,,,,,,2.5,,,,,,,
12 juil. 2022,Aucun,50,A,S3,37.5,,,,,,,,,,,,,,,,,,,,37.5,,,15,,,,,,,,15,,,,,2.5,,,,2.5,,,,,,,,37.5,,,,,62.5,,,,,15,,,,,,,,,,,,,,,,,,,,
12 juil. 2022,Aucun,50,A,S6,2.5,,,,,,,,,,15,,,,0.5,,,,,,0.5,,,15,,,,,,,,,,,,,15,,,,,,,,,,,,2.5,,,,,37.5,,,,,15,,2.5,,,,,,,,,,,,,,,,,,
12 juil. 2022,Aucun,50,A,S9,2.5,,37.5,,,,,,,,,,,,,,,,,,2.5,,,0.5,15,,,,,,,,,,,,62.5,,0.5,,,,,,,,,,,,,,,15,,,,,,,0.5,,,,,,,,,,,,,,,,,,
12 juil. 2022,Aucun,50,A,W3,2.5,,0.5,,,,,,,,,,,,0.5,,,,,,,,,2.5,,,,,,,,,,,,,15,,,,,,2.5,,,,,,0.5,,,,,37.5,,,,,2.5,,2.5,,,,,,,,,,,,,,,,,,
12 juil. 2022,Aucun,50,A,W6,0.5,,62.5,,,,,,,,,,,,0.5,,,2.5,,,15,,,2.5,15,,,,,,,,,,,,2.5,,,,2.5,,,,,,,,,,,,,62.5,,,,,,,,,,,,,,,,,,,,,2.5,,,,
12 juil. 2022,Aucun,50,A,W9,2.5,,,,,,15,,,,,,,,,,,37.5,,,37.5,,,15,15,,,,,,,,,,,,2.5,,,,2.5,,,,,,,,,,,,,62.5,,,,2.5,2.5,,,,,,,,,,,,2.5,,,,,,,,
12 juil. 2022,Aucun,50,B,N3,0.5,,,,,,0.5,,,,0.5,,,,,,,,15,,15,,,2.5,,,,,,,,,,,,,15,,37.5,2.5,15,,,,,,,,,,,0.5,,62.5,,,,,15,,,,,,,,,,,,,,,,,,,,
12 juil. 2022,Aucun,50,B,N6,2.5,,15,,,,15,,,,,,,,0.5,,,15,,,37.5,,,15,2.5,,,,,,,,,,,,15,,15,,37.5,,,,,,,,,,,,,2.5,,,,,,,,,,,,,,,,,,,,,,,,,
12 juil. 2022,Aucun,50,B,N9,62.5,,,,,,15,,,,,,,,,,,15,,,15,,,,,,,,,,,,,,,,,,,,15,,,,,,,,,,,,,,,,,,,,0.5,,,,,,,,,,,,,,0.5,,,,
12 juil. 2022,Aucun,50,B,E3,0.5,,2.5,0.5,,,15,,,,,,,,,,,,,,15,,,0.5,37.5,,,,,,,2.5,,,,,2.5,,15,,2.5,,,,,,,,,,,,,62.5,,,,,2.5,,,,,,,,,,,,,,,,,,,,
12 juil. 2022,Aucun,50,B,E6,2.5,,,,,,,,,,,,,,,,,,,,,,,15,,,,,,,,,,,,,37.5,,,,0.5,,,,,,,,0.5,,,,,37.5,,,0.5,,2.5,,,,,,,,,,,,,,,,,,,,
12 juil. 2022,Aucun,50,B,E9,0.5,,,,,,,,,,,,,,,,,,,,,,,,,,,,,,,,,,,,15,,,,,,,,,,,,,,,,,15,,,2.5,,15,,,,,,,,,,,,,,,,,,,,
12 juil. 2022,Aucun,50,B,S3,,,,,,,,,,,,,,,,,,,,,15,,,0.5,,,,,,,,,,,,,15,,,,,,,,,,,,,,,,,37.5,,,2.5,,,,,,,,,,,,,,,0.5,,,,,,,
12 juil. 2022,Aucun,50,B,S6,,,,,,,,,,,,,,,0.5,,,,,,,,,,,,,,,,,,,,,,2.5,,,,,,,,,,,,0.5,,,,,15,,,,,2.5,,,,,,,,,,,,,,,,,,,,
12 juil. 2022,Aucun,50,B,S9,,,,,,,,,,,,,,,0.5,,,,,,,,,15,,,,,,,,,,,,,37.5,,,,,,,,,,,15,0.5,,,,,15,,,,,2.5,,,,,,,,,,,,,,,,,,,,
12 juil. 2022,Aucun,50,B,W3,,,,,,,,,,,0.5,,,,0.5,,,,0.5,,,,,15,,,,,,,,,,,,,0.5,,,,,,,,,,,,0.5,,,,,85,,,,,15,,,,,,,,,,,,,,,,,,,,
12 juil. 2022,Aucun,50,B,W6,0.5,,,0.5,,,,,,,,,,,0.5,,,,,,,,,15,,,,,,,,,,,,,15,,,,,,,,,,,,2.5,,,,,62.5,,,,,15,,,,,,,,,,,,,,,,,,,,
12 juil. 2022,Aucun,50,B,W9,0.5,,,,,,,,,,,,,,0.5,,,,,,,,,15,,,,,,,,,,,,,37.5,,,,,,,,,,,,,,,,,15,,,,,0.5,,,,,,,,,,,,,,,,,,,,
12 juil. 2022,Aucun,50,C,N3,,,,,,,,,,,,,,,2.5,,,,2.5,,15,,,2.5,,,,,,,,,,,,,,,2.5,,2.5,,,,,,,2.5,,,,,,15,,,2.5,,15,,,,,,,,,,,,,,,,,,,,
12 juil. 2022,Aucun,50,C,N6,0.5,,,,,,,,,,,,,,,,,,15,,15,,,,37.5,,,,,,,2.5,,,,,,,37.5,,37.5,,,,,,,,,,,15,,62.5,,,,,15,,2.5,,,,,,,,,,,,,,,,,,
12 juil. 2022,Aucun,50,C,N9,37.5,,,,,,,,,,,,,,,,,,,,0.5,,,2.5,,,,,,,,,,,,,,,,,,,,,,,,,,,,,0.5,62.5,,,,,15,,,,,,,,,,,,,0.5,,,2.5,,,,
12 juil. 2022,Aucun,50,C,E3,15,,,,,,,,,,,,,,,,,,,,2.5,,,,,,,,,,,,,,,,15,,15,,2.5,,,,,,,,,,,,,62.5,,,,,15,,,,,,,,,,,,,,,,,,,,
12 juil. 2022,Aucun,50,C,E6,2.5,,,,,,15,,,,,,,,,,,,,,15,,,2.5,,,,,,,,,,,,,,,15,,2.5,,,,,,,,,,,,,85,,,,,2.5,,,,,,,,,,,,,,,,,,,,
12 juil. 2022,Aucun,50,C,E9,15,,,,2.5,,,,,,,,,,,,,,,,2.5,,,2.5,,,,,,,,,,,,,15,,15,,15,,,,,,,,,,,,,62.5,,,,,0.5,,,,,,,,,,,,,,,,,,,,
12 juil. 2022,Aucun,50,C,S3,,,15,,37.5,,15,,,,,,,,,,,15,15,,15,,,,,,,,,,,2.5,,,,,37.5,,15,,37.5,,,,,,,2.5,,,,2.5,,37.5,,,,,15,,,,,,,,,,,0.5,,,,,15,,,,
12 juil. 2022,Aucun,50,C,S6,,,,,,,15,,,,,,,,,,,15,,,15,,,,,,,,,,,2.5,,2.5,,,37.5,,2.5,,15,,,,,,,,,,,,,62.5,,,,,0.5,,,,,,,,,,,,,,,,2.5,,,,
12 juil. 2022,Aucun,50,C,S9,,,,,,,37.5,,,,,,,,,,,15,,,15,,,15,,,,,,,,,,,,,15,,15,15,,,,,,,,,,,,,,62.5,,,,,,,,,,,,,,,,,,,,,,,,,
12 juil. 2022,Aucun,50,C,W3,2.5,,,,,,,,,,,,,,,,,15,,,15,,,15,,,,,,,,2.5,,,,,0.5,2.5,,,15,,,,,,,,,,,15,,62.5,,,,,15,,,,,,,,,,,,,0.5,,,,,,,
12 juil. 2022,Aucun,50,C,W6,15,,,,,,,,,,,,,,,,,2.5,15,,15,,,2.5,,,,,,,,,,,,,15,15,15,,15,,,,,,,,,,,,,62.5,,,,,2.5,,,,,,,,,,,,,,,,,,,,
12 juil. 2022,Aucun,50,C,W9,2.5,,0.5,,,,15,,,,,,,,0.5,15,,,15,,62.5,,,15,15,,,,,,,,,,,,,,2.5,2.5,15,,,,,,,,,,,2.5,,62.5,,,,,0.5,,,,,,,,,,,,,,,,15,,,,
26 juin 2022,Standard,52,A,N3,0.5,,,,37.5,,,,,,,,,,,,,,15,,,,,2.5,,,,,,,,,,2.5,,,,,,,,,,,,,,,,,,,,85,,,,,,,,,,,,,,,,,,,,,2.5,2.5,,,
26 juin 2022,Standard,52,A,N6,,,,,,,,,,,,,,,,,,0.5,,,15,,,,,,,,,,,,,,,,,,2.5,,0.5,,,,,,,,,,,,,85,,,,2.5,2.5,,,,,,,,,,,,,,,,0.5,,,,
26 juin 2022,Standard,52,A,N9,,,,,,,,,,,,,,,,,,2.5,2.5,,,,,2.5,,,,,,,,,,,,,,,,,,,,,,,,,,,,,,62.5,,,,,2.5,,,,,,,,,,,,,,,,,,,,
26 juin 2022,Standard,52,A,E3,0.5,,,,,,,,,,,,,,,,,,2.5,,2.5,,,15,,,,,,,,,,,,,37.5,,,,,,,,,,,,,,,,,37.5,,,,,,,,,,,,,,,,,,,,,0.5,,,,
26 juin 2022,Standard,52,A,E6,0.5,,,,,,,,,,,,,,,,,,,,,,,,,,,,,,,,,,,,,,,,,,,,,,,,,,,,,85,,,,,,,,,,,,,,,,,,,,,,,,,
26 juin 2022,Standard,52,A,E9,0.5,,,,,,,,,,,,,,,,,,,,,,,2.5,,,,,,,,,,0.5,,,,,,,,,,,,,,,,,,,,37.5,,,,,15,,,,,,,,,,,,,,,,,,,,
26 juin 2022,Standard,52,A,S3,0.5,,,,,,,,,,,,,,,,,,,,,,,2.5,,,,,,,,,,,,,2.5,,,,,,,,,,,,,,,,,37.5,,,,,,,,,,,,,,,,,,,,,,,,,
26 juin 2022,Standard,52,A,S6,0.5,,,,,,,,,,,,,,,,,,,,,,,2.5,,,,,,,,,,,,,,,,,,,,,,,,,,2.5,,,,15,,,,,,,,,,,,,,,,,,,,,0.5,,,,
26 juin 2022,Standard,52,A,S9,0.5,,,,,,,,,,,,,,,,,15,2.5,,15,,,,15,,,,,,,,,,,,,,,,,,,,,,,2.5,,,,,,62.5,,,,,2.5,,,,,,,,,,,,,,,,0.5,,,,
26 juin 2022,Standard,52,A,W3,,,2.5,,,,,,,,,,,,,,,15,,,,,,2.5,,,,,,,,,,,,,,,,,,,,,,,,,,,,,,85,,,,,,,,,,,,,,,,,,,,,,,,,
26 juin 2022,Standard,52,A,W6,0.5,,,,,,,,,,,,,,,,,,,,,,,0.5,,,,,,,,,,,,,,,,,,,,,,,,,,,,,,37.5,,,,,37.5,,,,,,,,,,,,,,,,,,,,
26 juin 2022,Standard,52,A,W9,,,,,0.5,,,,,,,,,,,,,,,,2.5,,,,,,,,,,,,,,,,,,,,0.5,,,,,,,,,,,,,85,,,,,,,,,,,,,,,,,,,,,,,,,
26 juin 2022,Standard,52,B,N3,,,,,,,,,,,,,,,,,,,0.5,,,,,0.5,,,,,,,,,,,,,,,2.5,,0.5,,,,,,,,,,,,,62.5,,,,,2.5,,,,,,,,,,,,,,,,,,,,
26 juin 2022,Standard,52,B,N6,,,,,,,,,,,,,,,,,,,,,,,,,,,,,,,,,,,,,,,,,,,,,,,,,,,,,,85,,,,,0.5,,,,,,,,,,,,,,,,,,,,
26 juin 2022,Standard,52,B,N9,,,,,,,,,,,,,,,,,,,,,,,,2.5,,,,,,,,,,,,,,,15,,,,,,,,,0.5,,,,,,85,,,,,15,,,,,,,,,,,,,0.5,,,,,,,
26 juin 2022,Standard,52,B,E3,,,,,,,,,,,,,,,,,,,,,,,,2.5,,,,,,,,,,,,,0.5,,0.5,,,,,,,,,2.5,,,,,,62.5,,,,,,,,,,,,,,,,,,,,,,,,,
26 juin 2022,Standard,52,B,E6,0.5,,,,,,,,,,,,,,,,,,,,,,,2.5,,,,,,,,,,,,,,,0.5,15,15,,,,,,,2.5,,,,,,62.5,,,,,0.5,,,,,,,,,,,,,,,,,,,,
26 juin 2022,Standard,52,B,E9,2.5,,,,,,,,,,,,,,,,,,,,,,,,,,,,,,,,,,,,,,,0.5,2.5,,,,,,,,,,,,,85,,,,,,,,,,,,,,,,,,0.5,,,,,,,
26 juin 2022,Standard,52,B,S3,15,,,,,,,,,,,,,,,,,,0.5,,,,,,,,,,,,,,,0.5,,,,,,,62.5,,,,,,,,,,,,,85,,,,,37.5,,,,,,,,,,,,,0.5,,,,,,,
26 juin 2022,Standard,52,B,S6,2.5,,,,,,,,,,0.5,,,,,,,15,,,15,,,2.5,,,,,,,,,,0.5,,,,,,0.5,2.5,,,,,,,0.5,0.5,,,,,62.5,,,,,,,,,,,,,,,,,,,,,,,,,
26 juin 2022,Standard,52,B,S9,37.5,,,,15,,,,,,,,,,,,,,,,0.5,,,0.5,,,,,,,,,,,,,,,,,,,,,,,,,0.5,,,,,85,,,,2.5,,,,,,,,,,,,,,,,,,,,,
26 juin 2022,Standard,52,B,W3,,,,,,,,,,,,,,,,,,,,,,,,15,,,,,,,,,,,,,,,,,,,,,,,,,,2.5,,,,37.5,,,,,2.5,,,,,,,,,,,,,,,,,,,,
26 juin 2022,Standard,52,B,W6,0.5,,,,,,,,,,,,,,,,,,0.5,,,,,15,,,,,,,,,,,,,,,,,2.5,,,,,,,0.5,,,,,,62.5,,,,,0.5,,,,,,,,,,,,,0.5,,,,,,,
26 juin 2022,Standard,52,B,W9,0.5,,,,,,,,,,,,,,,,,,0.5,,,,,2.5,,,,,,,,,,0.5,,,37.5,,,,15,,,,,,,,,2.5,,,,62.5,,,,,2.5,,,,,,,,,,,,,,,,,,,,
26 juin 2022,Standard,52,C,N3,,,,,,,,,,,,,,,,,,,,,2.5,,,0.5,,,,,,,,,,,,,15,,,,,,,,,,,,,,,,,2.5,,,,,,,,,,,,,,,,,,,,,,,,,
26 juin 2022,Standard,52,C,N6,,,,,,,2.5,,,,,,,,,,,,0.5,,,,,,,,,,,,,,,,,,37.5,,0.5,,0.5,,,,,,,0.5,,,,,,37.5,2.5,,,,,,,,,,,,,,,,,,,,,,,,
26 juin 2022,Standard,52,C,N9,,,,,2.5,,,,,,,,,,,,,,,,0.5,,,15,,,,,,,,,,,,,,,2.5,,0.5,,,,,,,,15,,,,,15,,,,,15,,,,,,,,,,37.5,,,,,,,,,,
26 juin 2022,Standard,52,C,E3,,,,,,,,,,,,,,,,,,,,,,,,2.5,,,,,,,,,,,,,2.5,,,,,,,,,,,,,,,,,,,,,,,,,,,,,,,,,,,,,,,,,,
26 juin 2022,Standard,52,C,E6,,,,,,,,,,,,0.5,,,,,,,,,0.5,,,,,,,,,,,,,,,,,,,,2.5,,,,,,,,,,,,,0.5,,,,,,,,,,,,,,,,,,,,,,,,,
26 juin 2022,Standard,52,C,E9,,,,,0.5,,,,,,,,,,,,,,,,2.5,,,15,,,,,,,,,,,,,2.5,,0.5,,,,,,,,,,,,,,,37.5,,,,,2.5,,,,,,,,,,,,,,,,,,,,
26 juin 2022,Standard,52,C,S3,,,,,,,,,,,,,,,,,,,2.5,,37.5,,,2.5,,,,,,,,,,,,,,,2.5,,2.5,,,,,,,,0.5,,,,,62.5,,,,,,,,,,,,,,,,,,,,,,,,,
26 juin 2022,Standard,52,C,S6,,,,,,,,,,,,,,,,,,,0.5,,37.5,,0.5,2.5,,,,,,,,,,,,,37.5,,0.5,,,,,,,,,,,,,,,37.5,,,,,,,,,,,,,,,,,,,,,,,,,
26 juin 2022,Standard,52,C,S9,,,,,2.5,,2.5,,,,,,,,,,,,0.5,,37.5,,2.5,0.5,,,,,,,,,,,,,,,,,0.5,,,,,,,,,,,,,37.5,,,,,,,,,,,,,,,,,,,,,,,,,
26 juin 2022,Standard,52,C,W3,,,,,,,,,,,,,,,,,,,,,62.5,,,15,,,,,,,,,,,,,,,,,15,,,,,,,,,,,,,37.5,,,,,2.5,,,,,,,,,,,,,0.5,,,,,,,
26 juin 2022,Standard,52,C,W6,,,,,0.5,,,,,,,,,,,,,,,,0.5,,,37.5,,,,,,,,,,,,,,,,,0.5,,,,,,,,,,,,,62.5,,,,,,,,,,,,,,,,,,,,,,,,,
26 juin 2022,Standard,52,C,W9,,,,,,,,,,,,,,,,,,,,,,,,15,,,,,,,,,,,,,,,,,,,,,,,,,,,,,,15,,,,,2.5,,,,,,,,,,,,,,,,,,,,
7 juil. 2022,3_ans,67,A,N3,2.5,,,,,,15,,,,,,,,,,,15,15,,37.5,,,2.5,,,,,,,,2.5,,,,,2.5,,15,2.5,2.5,,,,,,,,2.5,,,,,62.5,,,,,15,,,,,,,,,,,,,,,,0.5,,,,
7 juil. 2022,3_ans,67,A,N6,0.5,,,,2.5,,15,,,,,,,,,,,37.5,15,,15,,,2.5,2.5,,,2.5,,,,15,,,,,,,0.5,37.5,15,,0.5,,,,,,2.5,,,,2.5,62.5,,,,,15,,,,,,,,,,,,,,,,,,,,
7 juil. 2022,3_ans,67,A,N9,37.5,,15,,15,,15,,,,,,,,,,,2.5,2.5,,15,,,,,,,,,,,,,,,,37.5,,15,,2.5,,2.5,,,,,,15,,,,,15,,,,,37.5,,,,,,,,,,,,,,,,,,,,
7 juil. 2022,3_ans,67,A,E3,0.5,,,,,,,,,,,,,,,,,,,,15,,,,,,,,,,,2.5,,,,,,,2.5,2.5,15,,2.5,,,,,,,,,,,85,,,,,2.5,,,,,,,,,,,,,,,,,,,,
7 juil. 2022,3_ans,67,A,E6,0.5,,,,,,,,,,,,,,,,,0.5,,,15,,,0.5,,,,,,,,,,,,,15,,0.5,,,,2.5,,,,,,,,,,2.5,37.5,,,,,15,,,,,,,,,,,,2.5,,,,,,,,
7 juil. 2022,3_ans,67,A,E9,2.5,,,,,,2.5,,,,0.5,,,,,,,2.5,,,15,,,2.5,,,,,,,,0.5,,,,,2.5,,,,,,,,,,,,,,,,,62.5,,,,,15,,,,,,,,,,,,,,,,,,,,
7 juil. 2022,3_ans,67,A,S3,2.5,,,,,,,,,,,,,,,,,,,,15,,0.5,2.5,,,,,,,,15,,,,,,,2.5,2.5,,,,,,,,,,,,,,62.5,,,,,2.5,,,,,,,,,,,,,,,,,,,,
7 juil. 2022,3_ans,67,A,S6,2.5,,,,,,,,2.5,,,,,,,,,15,,,15,,,15,,,,,,,,,,,,,,,15,,15,,,,,,,,,,,,,37.5,,,,,62.5,,,,,,,,,,,,2.5,,,,,,,,
7 juil. 2022,3_ans,67,A,S9,15,,,,,,37.5,,,,,,,,,,,15,,,15,,,2.5,2.5,,,,,,,,,,,,,,37.5,2.5,2.5,,,,,,,,,,,,,62.5,,,,,15,,,,,,,,,,,,,,,,,,,,
7 juil. 2022,3_ans,67,A,W3,15,,,,,,,,,,,,,,0.5,,,37.5,15,,37.5,,,2.5,,,,,,,,15,,,,,,,62.5,2.5,,,0.5,,,,,,,,,,,85,,,,,,,,,,,,,,,,,,,,,,0.5,,,0.5
7 juil. 2022,3_ans,67,A,W6,2.5,,,,,,,,,,0.5,,,,,,,,15,,37.5,,,0.5,,,,,,,,,,0.5,,,,,15,15,15,,0.5,,,,,,,,,,,62.5,,0.5,,,15,,,,,,,,,,,,0.5,,,,0.5,,,,
7 juil. 2022,3_ans,67,A,W9,2.5,,,,,,15,,,,0.5,,,,,,,15,,,37.5,,,15,,,,,,,,2.5,,,,,,,37.5,2.5,15,,,,,,,,,,,,,62.5,,,,,15,,,,,,,,,,,,0.5,,,,,,,,
7 juil. 2022,3_ans,67,B,N3,0.5,,,0.5,,,,,,,,,,,,,,,,,,,,2.5,,,,,,,,,,,,,,,,,0.5,,0.5,,,,,,2.5,,,,,2.5,,,,,,,,,,,,,,,,,,0.5,,,,,,,
7 juil. 2022,3_ans,67,B,N6,0.5,,,,0.5,,,,,,0.5,2.5,,,,,,2.5,,,15,,,2.5,,,,,,,,,,0.5,,,,,,,,,,,,,,0.5,15,,,,,37.5,,,,,0.5,,,,,,,,,,62.5,,,0.5,,,,,,,
7 juil. 2022,3_ans,67,B,N9,0.5,,,,0.5,,,,,,,2.5,,,,,,2.5,0.5,,,,,2.5,,,,,,,,,,,,,,,15,15,,,2.5,,,,,,15,,,,,37.5,,,,,,,,,,,,,,,15,,,,,,,,,,
7 juil. 2022,3_ans,67,B,E3,0.5,,,,,,,,,,,,,,,,,15,,,,,,15,,,,,,,,,,,,,,,,,15,,,,,,,0.5,15,,,,,15,,,,,,,,,,,,,,,,,,0.5,,,,,,,
7 juil. 2022,3_ans,67,B,E6,15,,,,,,,,,,0.5,,,,,,,,,,,,,2.5,,,,,,,,,,,,,15,,,,,,,,,,,2.5,15,,,,,15,,,,,,,,,,,,,,,,,,0.5,,,,,,,
7 juil. 2022,3_ans,67,B,E9,2.5,,,,,,,,,,,,,,,,,2.5,,,,,,15,,,,,,,,,,,,,,,,,,,,,,,,0.5,0.5,,,,,,,,,,,,,,,,,,,,,,,,,,,,,,
7 juil. 2022,3_ans,67,B,S3,,,,0.5,,,2.5,,,,,,,,2.5,,,15,2.5,,,,,15,,,,,,,,,,0.5,,,2.5,,2.5,15,2.5,,0.5,,,,,2.5,,0.5,,,,2.5,,,,,0.5,,,,,,,,,,,,,0.5,,,,,,,
7 juil. 2022,3_ans,67,B,S6,,,,,,,,,,,0.5,,,,,,,15,15,,,,,0.5,,,,,,,,,,,,,,,,2.5,,,0.5,,,,,,15,,,,,37.5,,,,,,,,,,,,,,,,,,,,,,,,,
7 juil. 2022,3_ans,67,B,S9,2.5,,,0.5,0.5,,2.5,,,,,0.5,,,,,,15,2.5,,2.5,,,2.5,,,,,,,,,,,15,,,,15,,15,,,,,,,2.5,2.5,,,,,15,,,,,15,,,,,,,,,2.5,37.5,,,,,,,,,,
7 juil. 2022,3_ans,67,B,W3,0.5,,,0.5,,,0.5,,,,,15,,,,,,15,15,,0.5,,,2.5,,,,,,,,,,2.5,15,,,,2.5,,0.5,,2.5,,,,,,15,,,,,0.5,,,,,,,,,,,,,,,15,,,0.5,,,,,,,
7 juil. 2022,3_ans,67,B,W6,0.5,,,,,,,,,,,37.5,,,,,,15,37.5,,,,,15,,,,,,,,,0.5,,,,,,15,15,2.5,,,,,2.5,,,37.5,,,,,37.5,,,,,2.5,,,,,,,,,,15,,,0.5,,,,,,,
7 juil. 2022,3_ans,67,B,W9,2.5,,,,,,,,,,,,,,,,,37.5,,,,,,2.5,,,,,,,,,,,2.5,,2.5,,,,2.5,,,,,,,,15,,,,,62.5,,,,,2.5,,,,,,,,,,2.5,,,,,,,,,,
7 juil. 2022,3_ans,67,C,N3,15,,,,,,,,,,,,,,,,,37.5,,,15,,,2.5,,,,,,,,2.5,,,,,15,,15,,,,,,,,,,,,,,2.5,37.5,,,,,2.5,,,,,,15,,,,,,,,,,2.5,,,,
7 juil. 2022,3_ans,67,C,N6,15,,,,,,,,,,,,0.5,,,,,,,,37.5,,,0.5,,,,,,,,,,,,,,,,,,,,,,,,,,,,,,37.5,,,,,,,,,,,62.5,,0.5,,,,,,,,,,,,
7 juil. 2022,3_ans,67,C,N9,2.5,,,,,,,,,,,,0.5,,,,,37.5,,,2.5,,,0.5,,,,,,,,,,,,,2.5,,0.5,2.5,2.5,,0.5,,,,,,,,,,,62.5,,,,,0.5,,,,,,37.5,,,,,,,0.5,,,2.5,,,,
7 juil. 2022,3_ans,67,C,E3,15,,,,,,,,,,,,2.5,,,,,2.5,,,2.5,,,0.5,,,,,,,,,,,,,,,15,0.5,,,,,,,,,,,,,,85,,,,,,,,,,,15,,,,,,,,,,,,,,
7 juil. 2022,3_ans,67,C,E6,15,,,,,,,,,,,,15,,,,,37.5,,,,,,0.5,,,,,,,,,,2.5,,,2.5,,0.5,,15,,,,,,,,,,,,2.5,85,,,,,0.5,,,,,,,,,,,,,,,,,,,,
7 juil. 2022,3_ans,67,C,E9,37.5,,,,,,,,,,2.5,,,,,,,2.5,,,62.5,,,2.5,,,,,,,,,,2.5,,,15,,,,,,2.5,,,,,,,,,,,85,,,,,0.5,,,,,,2.5,,,,,,,,,,,,,,
7 juil. 2022,3_ans,67,C,S3,15,,,,,,15,,,,,,,,,,,15,,,15,,,,,,,,,,,2.5,,,,,37.5,,37.5,2.5,2.5,,,,,,,,,,,,,37.5,,,,,15,,,,,,,,,,,,,0.5,,,,,,,
7 juil. 2022,3_ans,67,C,S6,2.5,,,,,,15,,,,,,,,,,,15,,,15,,,0.5,,,,,,,,,,,,,0.5,,37.5,2.5,,,,,,,,2.5,,,,,,62.5,,,,,0.5,,,,,,,,,,,,,,,,,,,,
7 juil. 2022,3_ans,67,C,S9,2.5,,,,,,37.5,,,,,,,,,,,,,,15,,,0.5,,,,,,,,,,,,,0.5,,37.5,,2.5,,,,,,,,,,,,,62.5,,,,,2.5,,,,,,2.5,,,,,,,,,,,,,,
7 juil. 2022,3_ans,67,C,W3,37.5,,,,,,37.5,,,,,,2.5,,,,,,,,2.5,,,0.5,,,,,,,,2.5,,,,,0.5,,15,2.5,2.5,,,,,,,15,,,,,15,62.5,,,,,15,,,,,,37.5,,,,,,,,,,,,,,
7 juil. 2022,3_ans,67,C,W6,2.5,,,,,,15,0.5,,,0.5,,2.5,,,,,37.5,,,2.5,,,2.5,,,,,,,,,,,,,,,0.5,2.5,,,,,,,,0.5,,,,,,62.5,,,,,2.5,,,,,,37.5,,37.5,,,,,,,,,,,,
7 juil. 2022,3_ans,67,C,W9,15,,,,,,37.5,,,,,,15,,,,,15,,,37.5,,,2.5,,,,,,,,,,,,,,,,2.5,2.5,,,,,,,,,,,,,62.5,,,,,0.5,,,,,,2.5,,,,,,,,,,,,,,
13 juil. 2022,3_ans,69,A,N3,15,,37.5,,62.5,,15,,,,,,,,,,,15,,,62.5,,,15,,,,,,,,,,,15,,2.5,,15,15,15,,,,,,,,,,,,,15,,,,,,,,,,,,15,,,,,,,,,,,,,
13 juil. 2022,3_ans,69,A,N6,15,,15,,,,37.5,,,,,,,,,,,,,,37.5,,,15,,,,,,,,,,,,,,,,15,37.5,,,,,,,2.5,15,,,,,0.5,,,,,0.5,,,,,,,,,,,,0.5,,,,,,,,
13 juil. 2022,3_ans,69,A,N9,0.5,,,37.5,2.5,,,,,,2.5,,,,,,,,2.5,,62.5,,,2.5,,,,,,,,,,,,,,,2.5,15,15,,,,,,,15,2.5,,,,,37.5,,,,,,,,,,,,,,,,,,,,,,,,,
13 juil. 2022,3_ans,69,A,E3,,,15,,,,,,,,,,,,,,,,2.5,2.5,37.5,,,,,,,,,,,,,,,,,,15,0.5,,,,,,,,,2.5,,15,,,2.5,,,,,,,,,,,,37.5,,,2.5,,,,,,,,15,,
13 juil. 2022,3_ans,69,A,E6,15,,37.5,15,2.5,,15,,,,,,,,,,,37.5,2.5,,37.5,,,,,,0.5,,,,,,,,2.5,,,,15,2.5,15,,,,,,,,15,,,,,0.5,,,,,,,,,,,,37.5,,,,,,,,,,,15,,
13 juil. 2022,3_ans,69,A,E9,15,,15,,15,,2.5,,,,,15,,,,,,15,2.5,,37.5,,,0.5,,,,,,,,,,,0.5,,2.5,,37.5,15,15,,,,,,,,2.5,,15,15,,15,,,,,2.5,,,,,,,15,,,,,,15,,,,,,,
13 juil. 2022,3_ans,69,A,S3,15,,37.5,,,,15,,,,,,,,,,,15,15,,62.5,,,15,,,,,,,,,,,,,,,37.5,15,37.5,,,,,,,15,,,,,,15,,2.5,,,0.5,,,,,,,,,,,,,,,,,,,,
13 juil. 2022,3_ans,69,A,S6,15,,15,,,,15,,,,,,,,,,,15,,15,37.5,,,15,,,,,,,,15,,,,,,,15,15,15,,15,,,,,,,,,,37.5,62.5,,,,,15,,,,,,,,,,,,,,,,,,,,
13 juil. 2022,3_ans,69,A,S9,37.5,,15,,37.5,,15,,,,,,,,,,,37.5,15,,62.5,,,15,,,,,,,,,,,37.5,,15,,2.5,,62.5,,2.5,,,,,,,,,,15,37.5,,,,,15,,,,,,,,,,,,,,,,0.5,,,,
13 juil. 2022,3_ans,69,A,W3,15,,62.5,,,,15,,,,,,,,,,,15,,,37.5,,,0.5,,,,,,,,,,,15,,,,2.5,15,2.5,,2.5,,,,,,2.5,,,,,37.5,,,,,2.5,,,,,,,2.5,,,,,,,,,,,,,
13 juil. 2022,3_ans,69,A,W6,2.5,,37.5,,2.5,,,,,,,,,,,,,15,,,37.5,,,2.5,,,,,,,,,,,0.5,,,,15,15,37.5,,2.5,,,,,15,15,,,,,37.5,,,,,15,,,,,,,,,,,,,,,,,,15,,
13 juil. 2022,3_ans,69,A,W9,15,,15,,,,37.5,,,,,,,,,,,37.5,15,,15,,,2.5,37.5,,,,,,,,,,,,,,37.5,15,37.5,,0.5,,,,,,15,,,2.5,,15,,,,,15,,,,,,,,,,,,,,,,,,15,,
7 juil. 2022,3_ans,69,B,N3,2.5,,,,,,37.5,,,,,,,,,,,15,,,37.5,,,2.5,,,,,,,,,,,,,,,2.5,2.5,15,,0.5,,,,,,,,,,,62.5,,2.5,,,15,,,,,,,,,,,,,,,,15,,,,
7 juil. 2022,3_ans,69,B,N6,15,,0.5,,15,,2.5,,,,,,,,,,,15,,,37.5,,,,,,,,,,,,,,,,,,37.5,2.5,,,,,,,,,,,,,,62.5,,,,,2.5,,,,,,,,,,,,,,,,,,,,
7 juil. 2022,3_ans,69,B,N9,0.5,,,,37.5,,62.5,,,,,,,,,,,37.5,2.5,,62.5,,,2.5,,,,,,,,,,,,,37.5,,15,15,37.5,,,,,,,,,,,,,37.5,,,,,,,,,,,,,,,,,,,,,2.5,,,,
7 juil. 2022,3_ans,69,B,E3,15,,,,37.5,,15,,,,,,,,,,,15,0.5,,37.5,,,2.5,,,,,,,,,,,,,2.5,2.5,37.5,2.5,15,,,,,,,,,,,,15,37.5,,,,,15,,,,,,,,,,,,,0.5,,,,,,,
7 juil. 2022,3_ans,69,B,E6,15,,,,,,,,,,,,,,2.5,,,15,2.5,,15,,,2.5,,,,,,,,15,,,,,,,37.5,,,,,,,,,,,,,,,85,,,,,2.5,,,,,,,,,,,,,,,,,,,,
7 juil. 2022,3_ans,69,B,E9,15,,,,,,15,,,,,,,,,,,15,2.5,,62.5,,,2.5,,,,,,,,37.5,,,,,15,0.5,37.5,2.5,2.5,,,,,,,,,,,,,37.5,,,,,2.5,,,,,,,,,,,,,,,,2.5,2.5,,,
7 juil. 2022,3_ans,69,B,S3,15,,,,,,15,,,,,,,,,,,,0.5,,62.5,,,0.5,,,,,,,,,,,,,2.5,,15,2.5,2.5,,,,,,,,,,,,,,,,,,,,,,,,,,,,,,,,,,,2.5,,,
7 juil. 2022,3_ans,69,B,S6,15,,,,37.5,,37.5,,,,,,,,,,,,,,62.5,,,,,,,,,,,2.5,,,,,15,,15,15,15,,,,,,,,,,,,2.5,15,,,,,,,,,,,,,,,,,,,,,,,,,
7 juil. 2022,3_ans,69,B,S9,37.5,,,,,,,,,,,,,,,,,2.5,,,37.5,,,2.5,,,,,,,,,,,,,,,37.5,2.5,2.5,,,,,,,,,,,,,62.5,,,,,15,,,,,,,,,,,,,,,,,,,,
7 juil. 2022,3_ans,69,B,W3,15,,,,,,15,,,,,,,,0.5,,,2.5,,,,,,0.5,,,,,,,,,,,,,2.5,2.5,15,2.5,15,,,,,,,,,,,,,62.5,,,,,15,,,,,,,,,,,,,,,,,,,,
7 juil. 2022,3_ans,69,B,W6,15,,,,,,,,,,,,,,,,,15,,,37.5,,,0.5,,,,,,,,,,,,,,15,37.5,,15,,0.5,,,,,,,,,,,2.5,,,,,0.5,,,,,,,,15,,,,,,,,15,,,,
7 juil. 2022,3_ans,69,B,W9,15,,,,,,15,,,,,,,,,,,37.5,,,37.5,,,2.5,,,,,,,,2.5,,,,,,,15,37.5,15,,,,,,,,,,,,,37.5,,,,,,,,,,,,,,,,,,,,,2.5,,15,,
7 juil. 2022,3_ans,69,C,N3,15,,,,,,15,,,,,,,,,,,37.5,,,62.5,,,2.5,,,,,,,,,,,,,15,,15,,37.5,,0.5,,,,,,15,,,,,2.5,,,,,,,,,,,,,,,,,,,,,,,,,
7 juil. 2022,3_ans,69,C,N6,15,,,,2.5,,15,,,,,,,,,,,15,,,62.5,,,2.5,,,,,,,,,,,,,,,37.5,15,37.5,,,,,,,,2.5,,,,,37.5,,,,,2.5,,,,,,,,,,,,,,,,,,,,
7 juil. 2022,3_ans,69,C,N9,15,,,,,,2.5,,,,0.5,,,,,,,37.5,,,62.5,,,,,,,,,,,,,,,,2.5,,0.5,,37.5,,0.5,,,,,,15,,,,,85,,,,,0.5,,,,,,,,,,,,,2.5,,,,,,,
7 juil. 2022,3_ans,69,C,E3,2.5,,,,0.5,,15,,,,,,,,,,,,,,37.5,,,15,,,,,,,,,,0.5,,,,,2.5,2.5,15,,,,,,,,2.5,,,,,15,,,,,37.5,,,,,,,,,,,,,,,,,,,,
7 juil. 2022,3_ans,69,C,E6,0.5,,,,,,37.5,,,,0.5,,,,,,,85,,,37.5,,,0.5,,,,,,,,,,,,,,,,15,2.5,,2.5,,,,,,15,,,,,37.5,,,,,2.5,,,,,,,,,,,,,,,,,,,,
7 juil. 2022,3_ans,69,C,E9,0.5,,,,,,37.5,,,,,,,,,,,37.5,2.5,,37.5,,,15,,,,,,,,,,,,,,,,15,2.5,,0.5,,,,,,15,,,,,37.5,,,,,2.5,,,,,,,,,,,,,,,,,,,,
7 juil. 2022,3_ans,69,C,S3,37.5,,,,,,15,,,,,,,,,,,62.5,37.5,,37.5,,,0.5,,,,,,,,,,0.5,,,,,2.5,2.5,2.5,,,,,,,,2.5,,,,37.5,62.5,,,,,15,,,,,,,,,,37.5,,,0.5,,,,,,,
7 juil. 2022,3_ans,69,C,S6,2.5,,,,0.5,,15,,,,0.5,,,,,,,37.5,15,,,,,,,,,,,,,2.5,,,,,,,37.5,,15,,,,,,,,15,,,,,15,,,,,62.5,,,,,,,,,,,,,,,,,,,,
7 juil. 2022,3_ans,69,C,S9,15,,,,2.5,,37.5,62.5,,,,,,,2.5,,,37.5,2.5,,62.5,,,2.5,,,,,,,,2.5,,,,,,,62.5,2.5,2.5,,,,,,,,2.5,,,,,2.5,,,,,2.5,,,,,,,,,,,,,,,,,,,,
7 juil. 2022,3_ans,69,C,W3,37.5,,,,,,2.5,,,,,,,,,,,37.5,15,,37.5,,,2.5,,,,,,,,,,,,,37.5,,37.5,,62.5,,,,,,,,37.5,,,,,2.5,,,,,2.5,,,,,,,,,,,,,,,,,,,,
7 juil. 2022,3_ans,69,C,W6,37.5,,,,,,15,,,,,,,,,,,37.5,15,,37.5,,,0.5,,,,,,,,2.5,,,,,37.5,,62.5,15,37.5,,,,,,,0.5,,,,,,37.5,,,,,0.5,,,,,,,,,,,,,,,,,,,,
7 juil. 2022,3_ans,69,C,W9,37.5,,,,,,37.5,,,,,,,,,2.5,,37.5,2.5,,15,,,,,,,,,2.5,,,,,,,,,37.5,15,37.5,,,,,,,,37.5,,,,,15,,,,,62.5,,,,,,,,,,15,,,,,,,,,,
8 juil. 2022,2_ans,74,A,N3,0.5,,,,,,,,,,,,,,,,,15,,,,,,2.5,,,,,,,,,,,,,2.5,,,2.5,,,,,,,,15,,,,,,62.5,,,,,15,,,,,,,,,,,,,,,,,,,,
8 juil. 2022,2_ans,74,A,N6,37.5,,,,15,,,,,,,,,,,,,,2.5,,,,,0.5,,,,,,,,15,,,,,,,2.5,,15,,,,,,,,,,,,,62.5,,,,,15,,,,,,,,,,,,,,,,,,,,
8 juil. 2022,2_ans,74,A,N9,0.5,,,,,,,,,,,,,,0.5,,,,,,,,,15,,,,,,,,2.5,,,,,,,,,0.5,,,,,,,,,,,,,37.5,,,,,2.5,,,,,,,,,,,,,,,,,,,,
8 juil. 2022,2_ans,74,A,E3,0.5,,,,,,,,,,,,,,,,,,,,,,,15,,,,,,,,,,,,,,,,,,,,,,,,,,,,,,15,,,,,62.5,,,,,,,,,,,,,,,,,,,,
8 juil. 2022,2_ans,74,A,E6,,,,,,,,,,,,,,,2.5,,,,,,2.5,,,2.5,,,,,,,,,,,,,,,,,,,,,,,,,,,,,,37.5,,,,,37.5,,,,,,,,,,,,,,,,,,,,
8 juil. 2022,2_ans,74,A,E9,,,,,62.5,,,,,,15,,,,,,,15,,,,,,2.5,,,,,,,,2.5,,0.5,,,,2.5,2.5,15,2.5,,,,,,,15,,,,,15,62.5,,,,,2.5,,,,,,,,,,,,,,,,15,,,,
8 juil. 2022,2_ans,74,A,S3,0.5,,,,2.5,,,,,,,,,,,,,2.5,,,15,,,0.5,,,,,,,,,,,,,,,,2.5,,,,,,,,,,,,,,85,,,,,2.5,,,,,,,,,,,,,,,,15,,,,
8 juil. 2022,2_ans,74,A,S6,0.5,,,,0.5,,,,,,,,,,,,,,,,,,,2.5,,,,,,,,,,2.5,,,,,,,,,,,,,,,,,,,,62.5,,,,,2.5,,,,,,,,,,,,,,,,,,,,
8 juil. 2022,2_ans,74,A,S9,0.5,,,,0.5,,,,,,,,,,,,,,,,,,,15,,,,,,,,,,,,,,,,,,,,,,,,,,,,,,2.5,,,,,2.5,,,,,,,,,,,,0.5,,,,,,,,
8 juil. 2022,2_ans,74,A,W3,0.5,,,,,,,,,,,,,,,,,,,,,,,2.5,,,,,,,,,,,,,,,,,,,,,,,,,,,,,,62.5,,,,,37.5,,,,,,,,,,,,,,,,,,,,
8 juil. 2022,2_ans,74,A,W6,0.5,,,0.5,,,,,,,0.5,,,,2.5,,,,,,,,,15,,,,,,,,,,2.5,,,,,,,,,,,,,,,,,,,,15,,,,,,,,,,,,,,,,,,,,,,,,,
8 juil. 2022,2_ans,74,A,W9,2.5,,,0.5,0.5,,,,,,,,,,,,,,,,,,,2.5,,,,,,,,,,2.5,,,62.5,,,,15,,,,,,,2.5,,,,,,15,,,,,15,,,,,,,,,,,,,,,,15,2.5,,,
8 juil. 2022,2_ans,74,B,N3,15,,0.5,,,,2.5,,,,,,,,,,,15,2.5,,15,,,15,,,,,,,,,,,,,,,2.5,2.5,15,,0.5,,,,,,2.5,,,,,62.5,,,,,15,,,,,,,,,,,,,0.5,,,,,,,
8 juil. 2022,2_ans,74,B,N6,15,,,,,,15,,,,,,,,,,,15,37.5,,2.5,,,,,,,,,,,,,,,,37.5,,2.5,,2.5,,2.5,,,,,,0.5,,,,,15,,,,,37.5,,,,,,,,,,,,,,,,,,,,
8 juil. 2022,2_ans,74,B,N9,2.5,,0.5,,,,15,,,,,,,,,,,,15,,15,,,2.5,,,,,,,,,,,,,2.5,,2.5,2.5,2.5,,,,,,,,15,,,,,62.5,,,,,15,,,,,,,,,,,,,,,,,,,,
8 juil. 2022,2_ans,74,B,E3,37.5,,0.5,,,,15,,,,,,,,0.5,,,15,15,,15,,,15,2.5,,,,,,,2.5,,,,,,,15,15,2.5,,,,,,,,0.5,,,,,37.5,,,,,15,,2.5,,,,,,,,,,,0.5,,,15,,,,
8 juil. 2022,2_ans,74,B,E6,2.5,,,,37.5,,,,,,,,,,,,,2.5,15,,15,,,0.5,37.5,,,,,,,,,,,,,,2.5,2.5,15,,,,,,,,0.5,,,,,15,,,,,0.5,,15,,,,,,,,,,,,,,,,,,
8 juil. 2022,2_ans,74,B,E9,15,,62.5,,0.5,,,,,,,,,,,,,15,15,,0.5,,,2.5,15,,,,,,,,,,,,,,,2.5,2.5,,,,,,,,2.5,,,,,62.5,,,,,0.5,,,,,,,,,,,,,,,,2.5,,,,
8 juil. 2022,2_ans,74,B,S3,2.5,,,,37.5,,,,,,,,,,,,,37.5,15,,2.5,,,15,,,,,,,,,0.5,,,,,,2.5,,0.5,,,,,,,,2.5,,,,,62.5,,,,,,,2.5,,,,,,,,,,,,,,15,0.5,,,
8 juil. 2022,2_ans,74,B,S6,37.5,,0.5,,0.5,,2.5,,,,,,,,,,,15,2.5,,2.5,,,,2.5,,,2.5,,,,,,,,,,,2.5,2.5,2.5,,,,,,,,0.5,,,,,15,,,,,37.5,,,,,,,,,,,,,0.5,,,,2.5,,,
8 juil. 2022,2_ans,74,B,S9,62.5,,0.5,,2.5,,2.5,,,,,,,,,,,15,15,,15,,,,15,,,,,,,2.5,,,,0.5,,,,,37.5,,,,,,,,,,,,15,15,,,,,15,,,,,,,,,,,,,0.5,,,2.5,,,,
8 juil. 2022,2_ans,74,B,W3,15,,,,15,,15,,,,,,,,,,,37.5,15,,2.5,,,,37.5,,,,,,,,,0.5,,,,,2.5,0.5,2.5,,,,,,,,2.5,,,,2.5,15,,,,,2.5,,37.5,,,,,,,,,,,,,,15,,,,
8 juil. 2022,2_ans,74,B,W6,15,,,,15,,15,,,,,,,,2.5,,,15,2.5,,15,,,2.5,15,,,,,,,,,,,,,,37.5,,2.5,,0.5,,,,,,2.5,,,,,62.5,,,,,2.5,,,,,,,,,,,,,,,,,,,,
8 juil. 2022,2_ans,74,B,W9,2.5,,15,,,,15,,,,,,,,,,,15,2.5,,15,,,0.5,,,,,,,,,0.5,,,,0.5,,15,,2.5,,2.5,,,,,,,,,,,62.5,,,,,15,,,,,,,,,,,,,,,,2.5,,,,
8 juil. 2022,2_ans,74,C,N3,0.5,,0.5,,,,,,,,,,,,,,,15,,15,37.5,,,2.5,,,,,,,,,,,0.5,,0.5,,62.5,,15,,2.5,,,,,,,,,,,62.5,,,,,,,,,,,,,,,,,,,,,0.5,,,,
8 juil. 2022,2_ans,74,C,N6,2.5,,37.5,,,,,,,,,,,,,,,15,0.5,,15,,,15,,,,,,,,,,,,,,,15,15,2.5,2.5,0.5,,,,,,,,,,,62.5,,,,,0.5,,,,,,,,,,,15,,,,,,,2.5,,
8 juil. 2022,2_ans,74,C,N9,0.5,,0.5,,,,2.5,,,,2.5,,,,2.5,,,15,15,,15,,,15,15,,,,,,,2.5,,,,,,,,15,0.5,,,,,,,,,,,,,37.5,,,,,,,,,,,,,,,,,,,,,,,,,
8 juil. 2022,2_ans,74,C,E3,0.5,,62.5,,0.5,,15,,,,,,,,2.5,,,37.5,2.5,,15,,,62.5,15,,,,,,,,,,,,,,15,15,15,,,,,,,,,,,,,62.5,,,,,,,,,,,,,,,,,,,,,,,,,
8 juil. 2022,2_ans,74,C,E6,0.5,,37.5,,15,,,,,,,,,0.5,0.5,15,,15,2.5,,15,,,15,62.5,,,,,,,,,,,,,,,,15,,,,,,,,,,,,,62.5,,,,,15,,,,,,,,,,,,,,,,,,,,
8 juil. 2022,2_ans,74,C,E9,0.5,,2.5,,,,,,,,,,,0.5,0.5,,,15,2.5,,2.5,,,0.5,,,,,,,,,,,,,,,,15,2.5,,,,,,,,,2.5,,,0.5,37.5,,,,,2.5,,,,,,,,,,,,0.5,,,,,,,,
8 juil. 2022,2_ans,74,C,S3,0.5,,37.5,,0.5,,2.5,,,,,,,,,,,15,15,15,15,,,0.5,,,,2.5,,,,,,,,,,,15,2.5,0.5,,,,,,,,,,,,,62.5,,,,,,,15,,,,,,,,,,,,,,,,,,
8 juil. 2022,2_ans,74,C,S6,15,,0.5,,,,37.5,,,,,,,,,,,15,,,15,,2.5,15,,,,15,,,,,,,,,,,37.5,2.5,,,,,0.5,,,,,,,,,,,,,,,,,,,,,,,,,,,,,,,,15,,
8 juil. 2022,2_ans,74,C,S9,,,2.5,,15,,,,,,,,,,,,,37.5,2.5,,15,,,0.5,,,,,,,,,,,,,,,62.5,15,,,,,,,,,,,,,,2.5,,,,,,,,,,,,,,15,,,15,,,,15,,,,
8 juil. 2022,2_ans,74,C,W3,0.5,,37.5,,,,,,,,,,,,,,,15,,,15,,2.5,,,,,2.5,,,,,,,15,,,,15,,,2.5,,,,,,2.5,,,,,,37.5,,,,,2.5,,37.5,,,,,,,,,,0.5,,,,,,,,
8 juil. 2022,2_ans,74,C,W6,2.5,,37.5,,2.5,,,,,,,,,,,,,15,,,15,,,15,,,,0.5,,,,15,,,15,,,,2.5,,,2.5,,,0.5,,,,,,,,,62.5,,,,,,,,,,,,,,,,,,,,,,,2.5,,
8 juil. 2022,2_ans,74,C,W9,2.5,,37.5,,,,0.5,,,,,,,,,,,2.5,,,,,,15,,,,,,,,2.5,,,2.5,,,2.5,15,15,2.5,2.5,,,,,,,,,,,,37.5,,,,,15,,,,,,,,,,,,,,,,,,,,
5 juil. 2022,Aucun,87,A,N3,0.5,,,,,,,,,,,,,,,,,,,,37.5,,,0.5,,,,,,,,2.5,,0.5,,,62.5,,,,62.5,,,,,,,,15,,,,,62.5,,,,,0.5,,,,,,,,,,,,,,,,,,,,
5 juil. 2022,Aucun,87,A,N6,,,,,,,,,,,,,,,,,,0.5,,,,,,,,,,,,,,,,,,,,,15,15,37.5,,,,,,,,2.5,,,,,62.5,,,,,2.5,,,,,,2.5,,,,,,,,,,,,,,
5 juil. 2022,Aucun,87,A,N9,2.5,,,,,,,,,,,,,,,,,37.5,,,15,,,,,,2.5,,,,,,,,,,37.5,,15,,15,,,,,,,,2.5,,,,,0.5,,,,,37.5,,,,,,,,,,,,,,,,,,,,
5 juil. 2022,Aucun,87,A,E3,,,,,,,,,,,,,,,,,,,,,15,,,0.5,,,,,,,,,,0.5,,,37.5,,,,15,,,,,,,,,,,,,37.5,,,,,15,,,,,,,,,,,,,,,,,,,,
5 juil. 2022,Aucun,87,A,E6,2.5,,,,,,,,,,0.5,,,,,,,,,,,,,,,,,,,,,0.5,,2.5,,,37.5,,,,2.5,,2.5,,,,,,0.5,,,,15,37.5,,,,,0.5,,,,,,,,,,,,2.5,,,,,,,,
5 juil. 2022,Aucun,87,A,E9,2.5,,,,,,,,,,,,,,,,,,,,15,,,,,,,,,,,,,15,,,62.5,,,15,37.5,,,,,,,,,,,0.5,,37.5,,,,,15,,,,,,,,,,,,,,,,,,,,
5 juil. 2022,Aucun,87,A,S3,,,,,,,,,,,,,,,,,,,,,,,,0.5,,,,,,,,,,,,,15,,,,37.5,,,,,,,,,,,,,62.5,,,,,15,,,,,,,,,,,,,,,,,,,,
5 juil. 2022,Aucun,87,A,S6,,,,,,,,,,,,,,,,,,,,,37.5,,,,,,,,,,,15,,,,,62.5,,62.5,,15,,,,,,,,,,,,,15,,,,,2.5,,,,,,,,,,,,,,,,,,,,
5 juil. 2022,Aucun,87,A,S9,,,,,,,,,,,,,,,,,,,,,62.5,,,,,,,,,,,,,,,,15,,2.5,,37.5,,,,,,,,0.5,,,,,15,,,,,15,,,,,,,,,,,,,,,,,,,,
5 juil. 2022,Aucun,87,A,W3,,,0.5,,0.5,,,,,,,,,,,,,,,,,,,0.5,,,,,,,,,,,,,37.5,,,0.5,37.5,,,,,,,,37.5,,,,,62.5,,,,,2.5,,,,,,,,,,,,,,,,,,,,
5 juil. 2022,Aucun,87,A,W6,2.5,,,,,,,,,,0.5,,,,,,,,,,15,,,,,,,,,,,,,0.5,,,15,,,15,,,0.5,,,,,,37.5,,,,,37.5,,,,,37.5,,,,,2.5,2.5,,,,,,37.5,,,,,,,,
5 juil. 2022,Aucun,87,A,W9,15,,,,,,15,,,,,,,,,,,,,,2.5,,,,,,,,,,37.5,,0.5,,,,37.5,,0.5,2.5,15,,,,,,,,15,,,,,2.5,,,,,15,,,,,,2.5,,,,,,,,,,,,,,0.5
5 juil. 2022,Aucun,87,B,N3,,,,,,,,,,,,,,,,,,,,,62.5,,,2.5,,,,,,,,,,,,,62.5,,,,,,,,,,,,2.5,,,,,15,,,,,2.5,,,,,2.5,37.5,,,,,,,,,,,,,,
5 juil. 2022,Aucun,87,B,N6,0.5,,,,,,,,,,,,,,,,,,,,62.5,,,,,,,,,,15,,,,,,62.5,,15,,,,,,,,,,37.5,,,,,15,,,,,15,,,,,,15,,2.5,,,,,,,,,,,,
5 juil. 2022,Aucun,87,B,N9,2.5,,,,,,,,,,0.5,,,,,,,,,,15,,,,,,,,,,,,,,,,15,,15,15,15,,,,,,,,2.5,,,,,62.5,,,,,,,,,,,,,,,,,,,,,,,,,
5 juil. 2022,Aucun,87,B,E3,,,,,,,,,,,,,,,,,,2.5,,,2.5,,,,,,,,,,,,,,,,62.5,,,,,,,,,,,,37.5,,,,,15,,,,,0.5,,,,,0.5,15,,,,,,,,,,,,,,
5 juil. 2022,Aucun,87,B,E6,,,,,,,,,,,,,,,,,,,,,,,,,,,,,,,,,,,,,37.5,,,,,,,,,,,,62.5,,,,,37.5,,,,,,,,,,15,37.5,,15,,,,,,,,,,,,
5 juil. 2022,Aucun,87,B,E9,15,,,,,,,,,,,,,,,,,,,,37.5,,,2.5,,,,,,,,,,,,,62.5,,,15,15,,,,,,,,37.5,,,,,15,,,,,,,,,,,37.5,,,,,,,,,,,,,,
5 juil. 2022,Aucun,87,B,S3,2.5,,,,,,,,,,,,,,,,,,,,62.5,,,2.5,,,,,,,,,,,,,,,15,,2.5,,2.5,,,,,,,,,,,62.5,,,,,15,,,,,,37.5,,,,,,,,,,,,,,
5 juil. 2022,Aucun,87,B,S6,,,,,,,,,,,,,,,,,,,,,62.5,,,,,,,,,,,0.5,,0.5,,,62.5,,,,2.5,,2.5,,,,,,,,,,,37.5,,,,,0.5,,,,,,15,,,,,,,,,,,,,,
5 juil. 2022,Aucun,87,B,S9,2.5,,,,,,,,,,0.5,,,,,,,,,,62.5,,,0.5,,,,,,,,,,,,,37.5,,,,2.5,,,,,,,2.5,,,,,,37.5,,,,,15,,,,,,,,,,,,,,,,,,,,
5 juil. 2022,Aucun,87,B,W3,,,,,,,,,,,,,,,,,,,,,2.5,,,,,,,,,,,37.5,,0.5,,,15,,,,,,,,,,,,,,,,,62.5,,,,,15,,,,,15,85,,,,,,,,,,,,,,
5 juil. 2022,Aucun,87,B,W6,2.5,,,,,,,,,,,,,,,,,,,,,,,,,,,,,,,,,0.5,,,37.5,,,,,,,,,,,0.5,2.5,,,,,37.5,,,,,37.5,,,,,2.5,2.5,,,,,,,,,,,,,,
5 juil. 2022,Aucun,87,B,W9,,,,0.5,,,,,,,0.5,,,,,,,,,,85,,,2.5,,,,,,,2.5,0.5,,0.5,,,15,,,,,,,,,,,2.5,,,,,,62.5,,,,,37.5,,,,,2.5,,,,,,,,,,,,,,,
5 juil. 2022,Aucun,87,C,N3,,,,,15,,,,,,,,,,,,,15,,,37.5,,,15,,,,,,,,2.5,,,,,37.5,,15,,15,,,,,,,,,,,,,15,,,,,15,,,,,,,,,,,,,,,,,,,,
5 juil. 2022,Aucun,87,C,N6,15,,,0.5,,,,,,,,,,,,,,15,,,62.5,,,2.5,,,,,,,,,,,,,0.5,,37.5,,15,,,,,,,,0.5,,,,,37.5,,,,,0.5,,,,,,,,,,,,,,,,,,,,
5 juil. 2022,Aucun,87,C,N9,,,,,,,,,,,,,,,,,,37.5,0.5,,37.5,,,,,,,,,,,,,,,,15,,37.5,0.5,15,,,,,,,,,,,,,2.5,,,,,2.5,,,,,,,,,,,,,,,,,,,,
5 juil. 2022,Aucun,87,C,E3,,,,,,,,,,,,,,,,,,,2.5,,37.5,,,,,,,,,,,2.5,,,,,15,,2.5,,2.5,,,,,,,,15,,,,,15,,,,,15,,,,,,37.5,,,,,,,,,,,,,,
5 juil. 2022,Aucun,87,C,E6,0.5,,,,,,,,,,,,,,,,,37.5,,,37.5,,,,,,,,,,,,,,,,15,,2.5,2.5,62.5,,,,,,,,15,,,,,2.5,,,,,37.5,,,,,,37.5,,,,,,,,,,,,,,
5 juil. 2022,Aucun,87,C,E9,0.5,,,,,,,,,,,,,,,,,,,,37.5,,,,,,,,,,,,,,,,37.5,,37.5,,15,,,,,,,,15,,,,,15,,,,,2.5,,,,,,15,,,,,,,37.5,,,,,,,
5 juil. 2022,Aucun,87,C,S3,,,,,,,,,,,,,,,,,,,2.5,,15,,,,,,,,,,,0.5,,,,,37.5,,,,37.5,,,,,,,,15,,,,,,,,,,15,,,,,,62.5,,,,,,,,,,,,,,
5 juil. 2022,Aucun,87,C,S6,,,,,,,,,,,,,2.5,,,,,,,,,,,,,,,,,,,,,2.5,,,37.5,,,0.5,,,0.5,,,,,0.5,15,,,,,15,,,,,,,,,,,62.5,,,,,,,,,,,,,,
5 juil. 2022,Aucun,87,C,S9,,,,,,,,,,,,,,,,,,,,,,,,,,,,,,,,,,,,,37.5,,,15,37.5,,,,,,,,15,,,,,15,,,,,0.5,,,,,,37.5,,,,,,,,,,,,,,
5 juil. 2022,Aucun,87,C,W3,,,,,,,,,,,,,,,,,,37.5,,,62.5,,,0.5,,,,,,,,,,,,,37.5,,,,,,,,,,,,37.5,,,,62.5,2.5,,,,,15,,,,,,,,,,,,,,,,,,,,
5 juil. 2022,Aucun,87,C,W6,,,,,,,,,,,,,,,,,,15,,,62.5,,,,,,,,,,,,,,,,62.5,,,,15,,,,,,,,2.5,,,,,15,,,,,15,,,,,,37.5,,,,,,,,,,,,,,
5 juil. 2022,Aucun,87,C,W9,0.5,,,,,,,,,,,,,,,,,62.5,,,62.5,,,0.5,,,,,,,,0.5,,,,,62.5,,2.5,,15,,,,,,,2.5,0.5,,,,,2.5,,,,,15,,,,,,,,,,,,,,,,,,,,
13 juil. 2022,Aucun,93,A,N3,,,,,,,,,,,,,,,,,,,,,37.5,,,,,,,,,,,15,,,,,15,,15,,2.5,,,,,,,,,,,,,37.5,,,,,2.5,,,,,,62.5,,,,,,,,,,,,,,
13 juil. 2022,Aucun,93,A,N6,,,,,,,,,,,,,,,,,,,,,37.5,,,,,0.5,,,,,,15,,,,,15,,15,,2.5,,,,,,,,,,,,,37.5,,,,,15,,,2.5,,,62.5,,,,,,,,,,,,,,
13 juil. 2022,Aucun,93,A,N9,15,,2.5,,,,,,,,,,,,,,,2.5,,,37.5,,,2.5,,,,,,,,,,,,,15,,2.5,,0.5,,,,,,,,,,,,,62.5,,,,,0.5,,,,,,62.5,,,,,,,,,,15,,,,
13 juil. 2022,Aucun,93,A,E3,15,,,,,,,,,,,,,,,,,,,,37.5,,,,,,,,,,,2.5,,,,,37.5,,37.5,,15,,,,,,,,,,,,,37.5,,,,,,,,,,,62.5,,,,,,2.5,,,,,,,,
13 juil. 2022,Aucun,93,A,E6,2.5,,,,,,,,,,,,,,,,,,,,2.5,,,,,,,,,,,15,,,,,15,,37.5,,37.5,,,,,,,,,,,,,62.5,,,,,2.5,,,,,,15,,,,,,,,,,,,,,
13 juil. 2022,Aucun,93,A,E9,,,,,,,,,,,,,,,,,,,,,15,,,,,,,,,,,,,,,,,,2.5,,2.5,,,,,,,,,,,,,62.5,,,,,2.5,,,,,,37.5,,2.5,,,,,,,,,,,,
13 juil. 2022,Aucun,93,A,S3,2.5,,,,,,,,,,,,,,,,,,,,37.5,,,0.5,,2.5,,,,,,37.5,,,,,37.5,,15,,2.5,,,,,,,,,,,,,37.5,,,,,,,,,,,62.5,,,,,,,,,,,,,,
13 juil. 2022,Aucun,93,A,S6,37.5,,,,,,,,,,37.5,,2.5,,,,,,,,37.5,,,2.5,,,,,,,,2.5,,,,,15,,37.5,,2.5,,,,,,,,,,,,,37.5,,,,,2.5,,,,,,2.5,,,,,,,,,,,,,,
13 juil. 2022,Aucun,93,A,S9,2.5,,,,,,,,,,,,,,,,,,,,62.5,,,,,,,,,,,15,,,,,15,,37.5,,15,,,,,,,,,,,,,37.5,,,,,15,,,,,,62.5,,,,,,,,,,2.5,,,,
13 juil. 2022,Aucun,93,A,W3,,,,,,,,,,,,,,,,,,,,,,,,,,,,,,,,,,,,,,,,,,,,,,,,,,,,,,,,,,,,,,,,,97.5,,,,,,,,,,,,,,
13 juil. 2022,Aucun,93,A,W6,,,,,,,,,,,,,,,,,,,,,15,,,,,,,,,,,37.5,,,,,15,,62.5,,15,,,,,,,,,,,,,2.5,,,,,2.5,,,,,,62.5,,,,,,,,,,,,,,
13 juil. 2022,Aucun,93,A,W9,15,,,,,2.5,,,,,0.5,,2.5,,,,,,,,62.5,,,,,,,,,,,15,,,15,,2.5,,62.5,,,,,,,,,,,,2.5,,,15,,,,,2.5,,,,,,,,,,15,,,,,,,,,,
13 juil. 2022,Aucun,93,B,N3,15,,,,,,,,,,,,,,,,,,,,15,,,,,,,,,,,2.5,,,,,15,,37.5,,2.5,,,,,,,,2.5,,,,,15,,,,,15,,,,,,37.5,,,,,,,,,,,,,,
13 juil. 2022,Aucun,93,B,N6,15,,62.5,,,,,,,,,,,,,,,,,,15,,,,,,,,,,,2.5,,,,,15,,15,,,,,,,,,,15,,,,,0.5,,,,,,,,,15,,,,,,,,,,,,,,,,
13 juil. 2022,Aucun,93,B,N9,15,,2.5,,,,,,,,,,,,,,,,,,62.5,,,,,0.5,,,,,,,,,,,15,,2.5,,15,,,,,,,,15,,,,,37.5,,,,,15,,,,,,62.5,,,,,,,,,,,,,,
13 juil. 2022,Aucun,93,B,E3,,,,,,,,,,,,,,,,,,15,,,62.5,,,2.5,,37.5,,,,,,,,,,,15,,15,,,,,,,,,,15,,,,,,,,,,,,,,,,,,,,0.5,,,,,,,,,,
13 juil. 2022,Aucun,93,B,E6,2.5,,,,,,,,,,,,,,,,,,2.5,,37.5,,,2.5,,0.5,,,,,,,,,,,15,,,,2.5,,,,,,,,15,,,,,37.5,,,,,2.5,,,,,,85,,,,,,,,,,,,,,
13 juil. 2022,Aucun,93,B,E9,,,,,,,,,,,,,37.5,,,,,,,,37.5,,,,,,,,,,,,,,,,37.5,,15,2.5,,,,,,,,,37.5,,,,,15,,,,,,,,,,,62.5,,,,,,,,,,,,,,
13 juil. 2022,Aucun,93,B,S3,37.5,,,,,,,,,,,,,,,,,,,,62.5,,,,,,,,,,,2.5,,,,,2.5,,37.5,,,,,,,,,,15,,,,,,,,,,,,,,,,15,,,,,,15,,,,,,,,
13 juil. 2022,Aucun,93,B,S6,15,,,,,,,,,,,,,,,,,,,,85,,,,,,,,,,,2.5,,,,,,,62.5,,,,,,,,,,37.5,,,,,2.5,,,,,,,,,,,62.5,,,,,,,,,,,,,,
13 juil. 2022,Aucun,93,B,S9,15,,,,,,,,,,,,,,,,,,,,37.5,,,,,,,,,,,,,,,,37.5,,37.5,,,,,,,,,,15,,,,,15,,,,,2.5,15,,,,,85,,,,,,,,,,,,,,
13 juil. 2022,Aucun,93,B,W3,2.5,,,,,,,,,,,,2.5,,,,,,,,15,,,,,,,,,,,2.5,,,,,2.5,,15,,,,,,,,,,2.5,,,,,37.5,,,,,,2.5,,,,,85,,,,,,,,,,,,,,
13 juil. 2022,Aucun,93,B,W6,15,,,,,,,,,,,,,,15,,,,,,62.5,,,2.5,,,,,,,,,,,,,15,,37.5,2.5,0.5,,,,,,,,15,,,,,37.5,,,,,15,37.5,,,,,62.5,,,,,,0.5,,,,,,,,
13 juil. 2022,Aucun,93,B,W9,15,,,,,,,,,,,,,,2.5,,,,,,,,,2.5,,,,,,,,,,,,,,,2.5,,,,,,,,,,15,,,,,37.5,,,,,37.5,,,,,,97.5,,,,,,,,,,,,,,
13 juil. 2022,Aucun,93,C,N3,15,,,,,,,,,,2.5,,15,,,,,37.5,,,37.5,,,,,,,,,,,15,,,,,2.5,,37.5,,,,,,,,,,,,,,,37.5,,,,,2.5,,,15,,,,,,,,,,,,,,,,,
13 juil. 2022,Aucun,93,C,N6,0.5,,,,,,,,,,,,,,,,,,,,37.5,,,,,,,,,,,2.5,,,,,62.5,,2.5,,15,,,,,,,2.5,0.5,,,,2.5,37.5,,,,,2.5,,,37.5,,,,,,,,,,,,,,,,,
13 juil. 2022,Aucun,93,C,N9,2.5,,,,,,,,,,,,,,,,,,,,62.5,,,,,,,,,,,15,,,,,2.5,,,,,,,,,,,,,,,,,62.5,,,,,15,,,,,,,,,,,,,,,,,,,,
13 juil. 2022,Aucun,93,C,E3,15,,2.5,,,,,,,,,,,,,,,,,,37.5,,,,,,,,,,,37.5,,,,,,,62.5,,,,,,,,,,,,,,,15,,,,,2.5,,,,,,15,,,,,,,,,,,,,,
13 juil. 2022,Aucun,93,C,E6,,,,,,,,,,,,,,,,,,,2.5,,15,,,,,,,,,,,2.5,,,,,37.5,,85,,,,,,,,,,2.5,,,,,15,,,,,0.5,,,,,,0.5,,,,,,,,,,,,,,
13 juil. 2022,Aucun,93,C,E9,15,,,,,,,,,,,,,,2.5,,,,2.5,,37.5,,,15,,,,,,,,15,,,,,2.5,,62.5,,2.5,,,,,,,,2.5,,,,,37.5,,,,,0.5,,,,,,,,,,,,,,,,,,,,
13 juil. 2022,Aucun,93,C,S3,2.5,,,,,,,,,,,,,,,,,37.5,,,37.5,,,,,,,,,,,15,,,,,0.5,,62.5,,2.5,,,,,,,,,,,,,2.5,,,,,0.5,,,,,,2.5,,,,,,,,,,2.5,,,,
13 juil. 2022,Aucun,93,C,S6,15,,,,,,,,,,,,,,,,,,,,15,,,,,2.5,,,,,,15,,,,,62.5,,15,,2.5,,,,,,,,2.5,,,2.5,,15,,,,,0.5,,,2.5,,,,,,,,,,,,,,,,,
13 juil. 2022,Aucun,93,C,S9,15,,,,,,,,,,,,,,,,,,,,37.5,,,,,,,,,,,15,,,,,62.5,,62.5,,15,,,,,,,,15,,,,,,,,,,15,,,,,,,,,,,,,,,,,,,,
13 juil. 2022,Aucun,93,C,W3,0.5,,,,,,,,,,37.5,,,,,,,15,,,62.5,,,2.5,,,,,,,,15,,,,,2.5,,,15,15,,,,,,,,,,,,,62.5,,,,,2.5,,,,,,15,,,,,,,,,,,,,,
13 juil. 2022,Aucun,93,C,W6,,,,,,,,,,,,,,,,,,,15,,62.5,,,0.5,,,,,,,,15,,,,,62.5,37.5,,2.5,15,,,,,,,,,,,,,2.5,,,,,2.5,,,,,,2.5,,,,,,,,,,,,,,
13 juil. 2022,Aucun,93,C,W9,,,,,,,,,,,,,,,,,,,,,15,,,15,,,,,,,,15,,2.5,,,97.5,2.5,,,2.5,,,,,,,,,,,,,2.5,,,,,15,,,,,,,,,,,,,,,,,,,,
1 juil. 2022,2_ans,106,A,N3,2.5,,0.5,,,,,,,,2.5,,,,,,,,,,,,,37.5,,,,,,,,,,2.5,,,,,,,,,,,,,,,,,,,,37.5,,,,,,,,,,,,,,,,,,0.5,15,,,,,,
1 juil. 2022,2_ans,106,A,N6,2.5,,,,,,,,,,0.5,,,,,,,,0.5,,,,,15,,,,,,,,,,,,,,,,0.5,,,,,,,,,,,,0.5,,37.5,,,,15,,,,,,,,,,,,,,,2.5,,,,,,
1 juil. 2022,2_ans,106,A,N9,0.5,,0.5,,,,,,,,0.5,,,,,,,,0.5,,2.5,,,15,,,,,,,,,,,,,,,,,,,,,,,,,,,,,,62.5,,,,37.5,,,,,,,,,,,,,,,15,,,,,,
1 juil. 2022,2_ans,106,A,E3,0.5,,2.5,,0.5,,37.5,,,,,,,,,,,,,,,,,15,,,,,,,,,,,,,,,15,2.5,2.5,,,,,,,,,,,,,2.5,,,,,,,,,,,,,,,,,,,2.5,,,,,,
1 juil. 2022,2_ans,106,A,E6,2.5,,,,,,,,,,2.5,,,,,,,2.5,0.5,,37.5,,,0.5,,,,,,,,,,,,,,,37.5,2.5,15,,,,,,,,,,,0.5,,62.5,,,,,2.5,,,,,,,,,,,,,,37.5,,,,,,
1 juil. 2022,2_ans,106,A,E9,15,,0.5,,2.5,,15,,,,,,,,,,,15,2.5,,15,,,0.5,,,,,,,,,,,,,,,37.5,2.5,15,,,,,,,,,,,15,,62.5,,,,15,,,,,,,,,,,,,,0.5,37.5,,,,,,
1 juil. 2022,2_ans,106,A,S3,,,,,0.5,,,,,,0.5,,,,,,,,,,,,,2.5,,,,,,,,,,,,,,,,2.5,0.5,,,,,,,,,,,,,2.5,,,,,,,,,,,,,,,,,,,62.5,,,,,,
1 juil. 2022,2_ans,106,A,S6,0.5,,,,,,,,,,,,,,,,,15,15,,,,,2.5,,,,,,,,,,,,,,,,2.5,,,,,,,,,,,,,,,,,,37.5,,,,,,,,,,,,,,,37.5,,2.5,,,,
1 juil. 2022,2_ans,106,A,S9,,,,,,,2.5,,,,2.5,,,,,,,,2.5,,,,,2.5,,,,,,,,,,,,,,,,,15,,,,,,,,,,,,,0.5,,,,15,,,,,,,,,,,,,,,15,,0.5,,,,
1 juil. 2022,2_ans,106,A,W3,2.5,,,,,,,,,,0.5,,,,,,,,,,,,,37.5,,,,,,,,,,0.5,,,,,,,,,,,,,,,,,,,,15,,,,,,,,,,,,,,,,,,,15,,,,,,
1 juil. 2022,2_ans,106,A,W6,15,,,,,,,,,,,,,,,,,15,2.5,,,,,2.5,,,,,,,,,,,,,,,2.5,2.5,2.5,,,,,,,,,,,0.5,,2.5,,,,,,,,,,,,,,,,,,,62.5,,,,,,
1 juil. 2022,2_ans,106,A,W9,0.5,,,,,,,,,,2.5,,,,,,,,2.5,,15,,,15,,,,,,,,,,,,,,,,,,,,,,,,,,,,,,15,,,,,,,,,,,,,,,,,,,37.5,,,,,,
1 juil. 2022,2_ans,106,B,N3,2.5,,,,,,,,,,2.5,,,,,,,37.5,,,2.5,,,,,,,,,,,,,2.5,,,,,2.5,,,,,,,,,,,,,,,37.5,,,,,2.5,,,,,,,,,,,,,,,,,,,,
1 juil. 2022,2_ans,106,B,N6,15,,,,,,,,,,2.5,,,,,,,15,0.5,,2.5,,,2.5,,,,,,,,,,,,,,,,,,,,,,,2.5,,,,,,,15,,,,,,,,,,,,,,,,,,,,,,,,,
1 juil. 2022,2_ans,106,B,N9,2.5,0.5,,,,,,,,,15,,,,,,,,0.5,,,,,2.5,,,,,,,,,,,,,,,,,,,,,,,,,0.5,,,,,0.5,,,,,,,,,,,,,,,,,,,,,,,,,
1 juil. 2022,2_ans,106,B,E3,2.5,,,,,,,,,,2.5,,,,,,,2.5,,,15,,,15,,,,,,,,,,,,,,,15,,15,,,,,,,,37.5,,,,,15,,,,,,,,,,,,,,,,,,,,,,,,,
1 juil. 2022,2_ans,106,B,E6,15,,,,,,,,,,15,,,,,,,,,,2.5,,,15,,,,,,,,,,,,,,,2.5,,2.5,,,,,,,2.5,2.5,,,0.5,,,,,,,,,,,,,,0.5,,,,,,,,,,,,,
1 juil. 2022,2_ans,106,B,E9,15,,,,,,15,,,,15,,,,,,,,2.5,,15,,,62.5,,,,,,,,,,,,,,,2.5,,,,,,,,,15,2.5,,,,,2.5,,,,,,,,,,,,,,,,,,,,,,,,,
1 juil. 2022,2_ans,106,B,S3,2.5,,,,,,,,,,0.5,,,,,,,15,2.5,,0.5,,,15,,,,,,,,,,,,,,,,,0.5,,,,,,,,,,,,,2.5,,,,,,,,,,,,,,,,,,,,,,,,,
1 juil. 2022,2_ans,106,B,S6,15,,,,,,,,,,15,,,,,,,15,15,,,,,2.5,,,,,,,,,,,,,,,62.5,37.5,2.5,,,,,,,,,,,,,,,,,,,,,,,,,,,,,0.5,,15,,,,,,,
1 juil. 2022,2_ans,106,B,S9,15,,,,,,,,,,2.5,,,,,,,15,0.5,,15,,,2.5,,,,,,,,,,,,,,,62.5,,,,,,,,,,0.5,,,,,37.5,,,,,,,,,,,,,,,,,,2.5,37.5,,,,,,
1 juil. 2022,2_ans,106,B,W3,2.5,,,,,,,,,,15,,,,,,,2.5,,,,,,2.5,,,,,,,,,,,,,,,,,,,,,,,,,,,,,,0.5,,,,,,,,,,,,,,,,,,,,,,,,,
1 juil. 2022,2_ans,106,B,W6,,,,,,,2.5,,,,,,,,,,,,,,,,,0.5,,,,,,,,,,,,,,,15,2.5,,,,,,,,,2.5,,,,,,,,,,,,,,,,,,,,,,,2.5,37.5,,,,,,
1 juil. 2022,2_ans,106,B,W9,0.5,,,,,,,,,,15,,,,,,,15,,,0.5,,,0.5,,,,,,,,,,,,,,,15,15,,,,,,,,,2.5,,,,,0.5,,,,,,,,,,,,,,,,,,15,15,,,,,,
1 juil. 2022,2_ans,106,C,N3,2.5,,,,,,,,,,2.5,,,,,,,,,,,,,15,,,,,,,,,,,,,,,,,,,,,,,,2.5,0.5,,,,,,,,,,,,,,,,,,,,,,,,,,,,,,
1 juil. 2022,2_ans,106,C,N6,0.5,,,,,,,,,,0.5,,,,,,,37.5,0.5,,,,,15,,,,,,,,,,,,,,,,,,,2.5,,,,,,2.5,,,,,2.5,,,,,,,,,,,,,,,,,,2.5,37.5,,,,,,
1 juil. 2022,2_ans,106,C,N9,,,0.5,,,,,,,,0.5,,,,,,,15,,,,,,0.5,,,37.5,,,,,,,,,,2.5,,,,,,,,,,,,0.5,,,,,2.5,,,,,2.5,,,,,,,,,,,,,,15,,,,,,
1 juil. 2022,2_ans,106,C,E3,0.5,,,,2.5,,,,,,2.5,,,,,,,,0.5,,,,,15,,,,,,,,,,,,,,,,,,,,,,,,,0.5,,,,,0.5,,,,,,,,,,,,,,0.5,,,,,15,,,,,,
1 juil. 2022,2_ans,106,C,E6,0.5,,2.5,,,,,,,,,,,,,,,,2.5,,,,,0.5,,,,,,,,,,,,,,,,,,,,,,,,,0.5,,,,,,,,,,,,,,,,,,,,,,,,15,,,,,,
1 juil. 2022,2_ans,106,C,E9,2.5,,0.5,,,,,,,,,,,,,,,,,,,,,2.5,,,,,,,,,,,,,,,,,,,,,,,,,,,,,,,,,,,,,,,,,,,,,,,,,15,,2.5,,,,
1 juil. 2022,2_ans,106,C,S3,,,,,,,,,,,0.5,,,,,,,,,,,,,2.5,,,,,,,,,,,,,,,,,,,,,,,,,0.5,,,,,,,,,,,,,,,,,,,,,,,,,,,,,,
1 juil. 2022,2_ans,106,C,S6,15,0.5,,,0.5,,,,,,,,,,,,,,,,,,,2.5,,,,,,,,,,,,,,,,,,,,,,,,,,,,,,,,,,,,,,,,,,,,,,,,,37.5,,,,,,
1 juil. 2022,2_ans,106,C,S9,0.5,2.5,,,,,,,,,2.5,,,,,,,,,,,,,15,,,,,,,,0.5,,,,,,,,,,,0.5,,,,,,2.5,,,,,,,,,,,,,,,,,,,,,,,,15,,,,,,
1 juil. 2022,2_ans,106,C,W3,0.5,,,,,,,,,,0.5,,,,,,,,,,,,,15,,,,,,,,,,,,,,,,,,,,,,,,,,,,,,,,,,,,,,,,,,,,,,,,,,,,,,,
1 juil. 2022,2_ans,106,C,W6,2.5,,,,,,,,,,2.5,,,,,,,,,,,,,2.5,,,,,,,,,,,,,,,,,,,,,,,,,,,,,,,,,,,,,,,,,,,,,,,,,,,,,,,
1 juil. 2022,2_ans,106,C,W9,,,15,,,,15,,,,,,,,,,,,,,15,,,,,,,,,,,,,,,,,,,,,,,,,,,,2.5,,,,,,,,,,,,,,,,,,,,,,,,62.5,,,,,,
4 juil. 2022,Intensif,119,A,N3,0.5,,,0.5,,,,,,,,,,,,,,,15,,,,,2.5,,,,,,,,,,,,,15,,15,,2.5,,,,,,,2.5,,,,,,2.5,,,,,,,,,,,,,,,,,,2.5,,,,,,,
4 juil. 2022,Intensif,119,A,N6,0.5,,,,,,,,,,,,,,,,,2.5,2.5,,,,,2.5,,,2.5,,,,,,,,,,,,37.5,,2.5,,,2.5,,,,,,,,,,15,,,,,,,,,,,,,,,,,,,,,,,,,
4 juil. 2022,Intensif,119,A,N9,0.5,,,0.5,,,,,,,,,,,,,,2.5,2.5,,,,,15,,,15,,,,,,,,,,0.5,,15,,2.5,,,,,,,,,,,,,37.5,,,,,,,,,,,,,,,,,,,,,,,,,
4 juil. 2022,Intensif,119,A,E3,2.5,,,0.5,,,,,,,2.5,,,,,,,,15,,,,,2.5,,,,,,,,,,,,,,,,,15,,,,,,,,,,,,,2.5,,,,,,,,,,,,,,,,,,,,,,,,,
4 juil. 2022,Intensif,119,A,E6,0.5,,,,,,,,,,,,,,,,,,0.5,,,,,0.5,,,,,,,,,,,,,,,,,,,,,,,,,,,,,,0.5,,,,,,,,,,,,,,,,,,0.5,,,,,,,
4 juil. 2022,Intensif,119,A,E9,0.5,,,0.5,0.5,,,,,,,,,,,,,,,,,,,2.5,,,,,,,,,,,,,2.5,,,,0.5,,,,,,,,,,,,,15,,,,,,,,,,,,,,,,,,0.5,,,,,,,
4 juil. 2022,Intensif,119,A,S3,0.5,,15,,,,,,,,,,,,,,,15,15,,2.5,,,15,,,2.5,,,,,,,,,,2.5,,,,15,,,,,,,,,,,,,15,,,,,,,,,,,,,,,,,,,,,,,,,
4 juil. 2022,Intensif,119,A,S6,0.5,,,,,,,,,,0.5,,,,,,,37.5,15,,,,,,,,,,,,,,,,,,,,,,2.5,,,,,,,,,,,,,62.5,,,,,,,,,,,,,,,,,2.5,,,,,,,,
4 juil. 2022,Intensif,119,A,S9,0.5,,,0.5,0.5,,,,,,,,,,,,,,0.5,,,,,0.5,,,,,,,,,,,,,,,,,,,,,,,,,,,,,,15,,,,,,,,,,,,,,,,,,,,,,,,,
4 juil. 2022,Intensif,119,A,W3,0.5,,,0.5,,,,,,,0.5,,,,,,,,,,,,,0.5,,,,,,,,,,,,,0.5,,,,,,,,,,,,,,,0.5,,0.5,,,,,,,,,,,,,,,,,,,,,,,,,
4 juil. 2022,Intensif,119,A,W6,2.5,,,0.5,0.5,,,,,,2.5,,,,,,,,0.5,,,,,2.5,,,15,,,,,,,,,,,,,,,,,,,,,,,,,,,,,,,,,,,,,,,,,,,,,,,,,,,,
4 juil. 2022,Intensif,119,A,W9,0.5,,,0.5,,,,,,,,,,,,,,0.5,,,,,,2.5,,,15,,,,,,,,,,,,,,,,,,,,,,,,,,,0.5,,,,,,,,,,,,,,,,,,,,,,,,,
4 juil. 2022,Intensif,119,B,N3,0.5,,,,,,,,,,,,,,,,,,,,,,,,,,,,,,,,,0.5,,,2.5,,,,0.5,,,,,,,,,,,,,85,,,,,,,,,,,,,,,,,,,,,,,,,
4 juil. 2022,Intensif,119,B,N6,0.5,,,,,,0.5,,,,,,,,,,,,0.5,,0.5,,,37.5,,,,,,,,,,,,,37.5,,,,0.5,,,,,,,,,,,,,,,,,,,,,,,,,,,,,,,,,,2.5,,,,
4 juil. 2022,Intensif,119,B,N9,2.5,,,,,,,,,,,,,,,,,,,,,,,2.5,,,,,,,,,,,,,62.5,,,,,,,,,,,,,,,,2.5,62.5,,,,,0.5,,,,,,,,,,,,0.5,,,,,,,,
4 juil. 2022,Intensif,119,B,E3,0.5,,,0.5,,,,,,,,,,,,,,,,,,,,15,,,,,,,,,,,,,37.5,,0.5,,2.5,,,,,,,,,,,,,62.5,,,,,2.5,,,,,,,,,,,,,,,,,,,,
4 juil. 2022,Intensif,119,B,E6,15,,,,0.5,,,,,,,,,,,,,,,,,,,,,,,,,,,,,,,,37.5,,,2.5,15,,,,,,,,,,,,,62.5,,,,,,,,,,,,,,,,,,,,,,,,,
4 juil. 2022,Intensif,119,B,E9,0.5,,,,,,,,,,,,,,,,,,0.5,,,,,0.5,,,,,,,,,,,,,62.5,,,,0.5,,,,,,,,,,,,,37.5,,,,,,,,,,,,,,,,,,,,,0.5,,,,
4 juil. 2022,Intensif,119,B,S3,,,,,15,,,,,,,,,,,,,,0.5,,,,,0.5,,,,,,,,,,,,,62.5,,0.5,0.5,2.5,,,,,,,,,,,,,37.5,,,,,,,,,,,,,,,,,,,,,,,,,
4 juil. 2022,Intensif,119,B,S6,0.5,,,,,,,,,,,,,,,,,,0.5,,15,,,2.5,,,,,,,,,,,,,62.5,,,2.5,0.5,,,,,,,,,,,,2.5,37.5,,,,,,,,,,,,,,,,,0.5,,,,,,,,
4 juil. 2022,Intensif,119,B,S9,0.5,,,,15,,,,,,,,,,,,,,0.5,,,,,15,,,,,,,,,,,,,15,,,,0.5,,,,,,,,,,,,,62.5,,,,,,,,,,,,,,,,,,,,,,,,,
4 juil. 2022,Intensif,119,B,W3,0.5,,,,,,,,,,,,,,,,,,2.5,,,,,15,,,,,,,,,,,,,2.5,,,,,,2.5,,,,,,,,,,,2.5,,,,,15,,,,,,,,,,,,,,,,,,,,
4 juil. 2022,Intensif,119,B,W6,0.5,,,,,,,,,,,,,,,,,,2.5,,0.5,,,2.5,,,,,,,,,,,,,15,,,,,,,,,,,,,,,,,85,,,,,0.5,,,,,,,,,,,,0.5,,,,,,,,
4 juil. 2022,Intensif,119,B,W9,0.5,,,,,,,,,,,,,,,,,,,,,,,0.5,,,,,,,,,,,,,2.5,,,,,,,,,,,,,,,,,2.5,,,,,0.5,,,,,,,,,,,,,,,,,,,,
4 juil. 2022,Intensif,119,C,N3,0.5,,,,,,,,,,,,,,,,,,0.5,,,,,0.5,,,,,,,,,,,,,2.5,,,,,,,,,,,,,,,,,15,,,,,,,,,,,,,,,,,,,,,,,,,
4 juil. 2022,Intensif,119,C,N6,0.5,,,,,,,,,,,,,,,,,,,,,,,0.5,,,,,,,,,,,,,,,,,,,,,,,,0.5,,,,,,2.5,,,,,,,,,,,,,,,,,,,,,,,,,
4 juil. 2022,Intensif,119,C,N9,0.5,,,,,,,,,,,,,,,,,,,,,,,2.5,,,,,,,,,,,,,,,,,,,,,,,,,,,,,,,,,,,,,,,,,,,,,,,,,,,,,,,
4 juil. 2022,Intensif,119,C,E3,0.5,,,,,,,,,,,,,,,,,0.5,0.5,,,,,2.5,,,,,,,,,,,,,37.5,,,,0.5,,,,,,,,2.5,,,,,37.5,,,,,,,,,,,,,,,,,,,,,,,,,
4 juil. 2022,Intensif,119,C,E6,0.5,,,,,,,,,,,,,,,,,0.5,0.5,,,,,2.5,,,,,,,,,,,,,62.5,,,,2.5,,,,,,,,,,,,,15,,,,,,,,,,,,,,,,,,,,,,,,,
4 juil. 2022,Intensif,119,C,E9,0.5,,,,,,,,,,,,,,,,,,0.5,,,,,15,,,,,,,,,,,,,,,,,0.5,,,,,,,,,,,,,37.5,,,,,,,,,,,,,,,,,,,,,,,,,
4 juil. 2022,Intensif,119,C,S3,0.5,,,,,,,,,,,,,,,,,,,,,,,37.5,,,,,,,,,,,,,,,,,,,,,,,,,,,,,,15,,,,,,,,,,,,,,,,,,,,,,,,,
4 juil. 2022,Intensif,119,C,S6,,,,,,,,,,,,,,,,,,2.5,15,,2.5,,,15,,,,,,,,,,,,,15,,,,2.5,,,,,,,,,,,,,85,,,,,,,,,,,,,,,,,,,,,2.5,,,,
4 juil. 2022,Intensif,119,C,S9,2.5,,,,,,,,,,,,,,,,,2.5,2.5,,2.5,,,0.5,,,,,,,,,,2.5,,,62.5,,,,15,,,,,,,,,,,,,37.5,,,,,0.5,,,,,,,,,,,,,,,,,,,,
4 juil. 2022,Intensif,119,C,W3,0.5,,,,,,,,,,,,,,,,,,,,,,,37.5,,,,,,,,,,2.5,,,15,,,,,,,,,,,,0.5,,,,,2.5,,,,,,,,,,,,,,,,,,,,,,,,,
4 juil. 2022,Intensif,119,C,W6,2.5,,,,,,,,,,,,,,,,,,,,,,,15,,,,,,,,2.5,,,,,37.5,,,2.5,15,,,,,,,,37.5,,,0.5,,62.5,,,,,,,,,,,,,,,,,,,,,,,,,
4 juil. 2022,Intensif,119,C,W9,0.5,,,,,,,,,,,,,,,,,0.5,0.5,,,,,15,,,,,,,,,,,,,37.5,,,,0.5,,,,,,,,2.5,,,,,37.5,,,,,,,,,,,,,,,,,,,,,,,,,
29 juin 2022,Intensif,120,A,N3,,,,,,,,,,,,,,,,,,,,,,,,15,,,,,,,,,,,,,15,,,,,,,,,,,,,,,,,15,,,,,2.5,,,,,,,,,,,,,,,,,,,,
29 juin 2022,Intensif,120,A,N6,0.5,,,,,,,,,,,,,,,,,,,,,,,2.5,,,,,,,,,,,,,2.5,,,,,,,,,,,,,,,,,62.5,,,,,,,,,,,,,,,,,,,,,,,,,
29 juin 2022,Intensif,120,A,N9,0.5,,,,,,,,,,,,,,,,,,15,,,,,2.5,,,,,,,,,,,,,37.5,,,,0.5,,,,,,,,,,,,,37.5,,,,,0.5,,,,,,,,,,,,,,,,,,,,
29 juin 2022,Intensif,120,A,E3,0.5,,,,,,,,,,,,,,,,,,,,,,,15,,,,,,,,,,,,,15,,,,,,,,,,,,,,,,,37.5,,,,,,,,,,,,,,,,,,,,,,,,,
29 juin 2022,Intensif,120,A,E6,0.5,,,,,,,,,,,,,,,,,,,,,,,15,,,,,,,,,,,,,,,,,0.5,,,,,,,2.5,,,,,,37.5,,,,,2.5,,,,,,,,,,,,,,,,,,,,
29 juin 2022,Intensif,120,A,E9,0.5,,,,,,,,,,,,,,,,,,15,,,,,15,,,,,,,,,,,,,,,,,0.5,,,,,,,,,,,,,62.5,,,,,,,,,,,,,,,,,,,,,,,,,
29 juin 2022,Intensif,120,A,S3,15,,,,,,,,,,,,,,,,,,,,,,,,,,,,,,,,,,,,37.5,,,,,,,,,,,,,,,,,37.5,,,,,,,,,,,,,,,,,,,,,,,,,
29 juin 2022,Intensif,120,A,S6,0.5,,,,,,,,,,,,,,,,,,,,,,,2.5,,,,,,,,,,,,,0.5,,,,,,,,,,,,,,,,,15,,,,,,,,,,,,,,,,,,,,,,,,,
29 juin 2022,Intensif,120,A,S9,0.5,,,,,,,,,,2.5,,,,,,,,,,,,,15,,,,,,,,,,,,,37.5,,,,0.5,,,,,,,,,,,,,62.5,,,,,,,,,,,,,,,,,,,,,,,,,
29 juin 2022,Intensif,120,A,W3,0.5,,,,,,,,,,,,,,,,,,,,,,,15,,,,,,,,,,,,,15,,,,,,,,,,,,,,,,,37.5,,,,,,,,,,,,,,,,,,,,,,,,,
29 juin 2022,Intensif,120,A,W6,0.5,,,,,,,,,,,,,,,,,,,,,,,15,,,,,,,,,,,,,2.5,,,,,,,,,,,,,,,,,37.5,,,,,,,,,,,,,,,,,,,,,,,,,
29 juin 2022,Intensif,120,A,W9,0.5,,,,,,,,15,,,,,,,,,,,,,,,15,,,,,,,,,,,,,37.5,,,,,,,,,,,,,,,,,2.5,,,,,,,,,,,,,,,,,,,,,,,,,
29 juin 2022,Intensif,120,B,N3,0.5,,,,,,,,,,,,,,,,,,,,,,,2.5,,,,,,,,,,,,,,,,,,,,,,,,,,,,,,0.5,,,,,,,,,,,,,,,,,,,,,,,,,
29 juin 2022,Intensif,120,B,N6,2.5,,,,,,,,,,,,,,,,,,,,,,,15,,,,,,,,,,,,,0.5,,,,,,,,,,,,,,,,,37.5,,,,,,,,,,,,,,,,,,,,,,,,,
29 juin 2022,Intensif,120,B,N9,,,,,,,,,,,,,,,,,,,,,0.5,,,2.5,,,,,,,,,,,,,,,,,2.5,,,,,,,,,,,,15,37.5,,,,,,,,,,,,,,,,,,,,,,,,,
29 juin 2022,Intensif,120,B,E3,0.5,,,,,,,,,,,,,,,,,,0.5,,,,,15,,,,,,,,,,,,,,,,,,,,,,,,,,,,,,2.5,,,,,2.5,,,,,,,,,,,,,,,,,,,,
29 juin 2022,Intensif,120,B,E6,0.5,,,,,,,,,,,,,,,,,,,,,,,15,,,,,,,,,,,,,2.5,,,,,,,,,,,,,,,,,2.5,,,,,15,,,,,,,,,,,,,,,,,,,,
29 juin 2022,Intensif,120,B,E9,0.5,,,,,,,,,,,,,,,,,,,,,,,2.5,,,,,,,,,,,,,2.5,,2.5,,2.5,,,,,,,,,,,,,15,,,,,0.5,,,,,,,,,,,,,,,,,,,,
29 juin 2022,Intensif,120,B,S3,0.5,,,,,,,,,,,,,,,,,,,,,,,2.5,,,,,,,,,,,,,2.5,,,,0.5,,,,,,,,,,,,,15,,,,,,,,,,,,,,,,,,,,,,,,,
29 juin 2022,Intensif,120,B,S6,2.5,,,,,,,,,,,,,,,,,,,,,,,2.5,,,,,,,,,,,,,37.5,,,,,,,,,,,,,,,,,37.5,,,,,,,,,,,,,,,,,,,,,,,,,
29 juin 2022,Intensif,120,B,S9,,,,,,,,,,,,,,,,,,,,,15,,,15,,,,,,,,37.5,,,,,,,15,,15,,,,,,,,,,,,62.5,62.5,,,,,37.5,,,,,,,,,,,,,,,,,15,,,
29 juin 2022,Intensif,120,B,W3,0.5,,,,,,,,,,2.5,,,,,,,,,,,,,2.5,,,,,,,,,,,,,2.5,,,,,,,,,,,,,,,,,2.5,,,,,,,,,,,,,,,,,,,,,,,,,
29 juin 2022,Intensif,120,B,W6,0.5,,,,,,,,,,,,,,,,,,,,,,,15,,,,,,,,,,,,,2.5,,,,,,,,,,,,,,,,,2.5,,,,,,,,,,,,,,,,,,,,,,,,,
29 juin 2022,Intensif,120,B,W9,2.5,,,,,,,,,,,,,,,,,,,,,,,2.5,,,,,,,,,,,,,,,,,,,,,,,,,,,,,,15,,,,,,,,,,,,,,,,,,,,,,,,,
29 juin 2022,Intensif,120,C,N3,2.5,,,,,,,,,,,,,,,,,,,,,,,2.5,,,,,,,,,,,,,62.5,,,,,,,,,,,,,,,,,15,,,,,,,,,,,,,,,,,,,,,,,,,
29 juin 2022,Intensif,120,C,N6,0.5,,,,,,,,,,,,,,,,,,,,2.5,,,0.5,,,,,,,,0.5,,,,,62.5,,2.5,,2.5,,,,,,,,,,,,,37.5,,,,,0.5,,,,,,,,,,,,,,,,,,,,
29 juin 2022,Intensif,120,C,N9,15,,,,,,,,,,,,,,,,,15,,,15,,,15,,,,,,,,,,,,,,,2.5,,15,,,,,,,,,,,,,62.5,,,,,,,,,,,,,,,,,,,,,,,,,
29 juin 2022,Intensif,120,C,E3,2.5,,,,,,,,,,,,,,,,,,,,,,,2.5,,,,,,,,,,,,,37.5,,,,,,,,,,,,,,,,,62.5,,,,,0.5,,,,,,,,,,,,,,,,,,,,
29 juin 2022,Intensif,120,C,E6,0.5,,,,,,,,,,,,,,,,,,,,,,,2.5,,,,,,,,,,,,,62.5,,,,0.5,,,,,,,,,,,,,37.5,,,,,,,,,,,,,,,,,,,,,,,,,
29 juin 2022,Intensif,120,C,E9,2.5,,,,,,,,,,,,,,,,,,,,,,,2.5,,,,,,,,,,,,,62.5,,,,,,,,,,,,,,,,,62.5,,,,,15,,,,,,,,,,,,,,,,,,,,
29 juin 2022,Intensif,120,C,S3,0.5,,,,,,,,,,0.5,,,,,,,,,,,,,2.5,,,,,,,,,,,,,2.5,,,,,,,,,,,,,,,,,85,,,,,2.5,,,,,,,,,,,,,,,,,,,,
29 juin 2022,Intensif,120,C,S6,2.5,,,,,,2.5,,,,,,,,,,,,,,15,,,2.5,,,,,,,,,,,,,2.5,,,,2.5,,,,,,,,,,,,,85,,,,,,,,,,,,,,,,,,,,,,,,,
29 juin 2022,Intensif,120,C,S9,15,,,,2.5,,2.5,,,,,,,,,,,,,,37.5,,,2.5,,,,,,,,,,,,,,,,,2.5,,,,,,,,,,,,,15,,,,,,,,,,,,,,,,,,,,,,,,,
29 juin 2022,Intensif,120,C,W3,2.5,,,,,,,,,,,,,,,,,,0.5,,,,,2.5,,,,,,,,,,,,,15,,,,,,,,,,,,,,,,,37.5,,,,,,,,,,,,,,,,,,,,,,,,,
29 juin 2022,Intensif,120,C,W6,2.5,,,,,,2.5,,,,,,,,,,,,2.5,,,,,0.5,,,,,,,,,,,,,37.5,,,,2.5,,,,,,,,,,,,,62.5,,,,,2.5,,,,,,,,,,,,,,,,,,,,
29 juin 2022,Intensif,120,C,W9,2.5,,,,,,15,,,,,,,,,,,37.5,,,2.5,,,2.5,,,,,,,,,,,,,37.5,,,,15,,,,,,,,,,,,,37.5,,,,,,,,,,,,,,,,,,,,,,,,,
4 juil. 2022,3_ans,121,A,N3,,,,,,,,,,,,,,,,,,,,,15,,,2.5,,,,,,,,,,,,,2.5,,37.5,,15,,,,,,,0.5,,,,,,62.5,,,,,,,,,,,,,,,,,,,,,,,,,
4 juil. 2022,3_ans,121,A,N6,0.5,,,,,,,,,,,,,,,,,,,,,,,,,,,,,,,,,,,,,,0.5,,,,,,,,,0.5,,,,,,0.5,,,,,,,,,,,,,,,,,,,,,,,,,
4 juil. 2022,3_ans,121,A,N9,0.5,,,,,,,,,,0.5,,,,,,,,0.5,,,,,15,,,,,,,,,,,,,2.5,,,,,,,,,,,,,,,,,62.5,,,,,2.5,,,,,,,,,,,,,,,,,,,,
4 juil. 2022,3_ans,121,A,E3,0.5,,,,,,,,,,,,,,,,,,,,,,,2.5,,,,,,,,,,,,,37.5,,,,,,,,,,,,,,,,,62.5,,,,,,,,,,,,,,,,,,,,,,,,,
4 juil. 2022,3_ans,121,A,E6,2.5,,,,,,,,,,,,,,,,,,2.5,,37.5,,,0.5,,,,,,,,,,,,,15,,,15,37.5,,,,,,,,,,,,,37.5,,,,,,,,,,,,,,,,,,,,,,,,,
4 juil. 2022,3_ans,121,A,E9,2.5,,,,0.5,,,,,,,,,,,,,,,,15,,,2.5,,,,,,,,,,,,,,,,,,,,,,,,,,,,,,37.5,,,,,,,,,,,,,,,,,,,,,,,,,
4 juil. 2022,3_ans,121,A,S3,0.5,,,,,,,,,,,,,,,,,,2.5,,,,,15,,,,,,,,0.5,,,,,0.5,,,,,,,,,,,,,,,,,37.5,,,,,,,,,,,,2.5,,,,,,,,,,,,,
4 juil. 2022,3_ans,121,A,S6,0.5,,,,0.5,,,,,,0.5,,,,,,,,,,,,,15,,,,,,,,,,,,,,,,,,,,,,,,,,,,,,2.5,,,,,,,,,,,,,,,,,,,,,,,,,
4 juil. 2022,3_ans,121,A,S9,2.5,,,,,,15,,,,,,,,,,,,2.5,,85,,,,,,,,,,,0.5,,,,,,,62.5,2.5,2.5,,,,,,,,,,,,,37.5,,,,,,,,,,,,,,,,,,,,,,,,,
4 juil. 2022,3_ans,121,A,W3,2.5,,,,,,,,,,,,,,,,,,2.5,,15,,,15,,,,,,,,,,,,,37.5,,15,,,,,,,,,,,,,,,37.5,,,,,,,,,,,,,,,,,,,,,,,,,
4 juil. 2022,3_ans,121,A,W6,0.5,,,,85,,,,,,,,,,,,,,,,37.5,,,0.5,,,,,,,,,,,,,15,,37.5,15,,,,,,,,,,,,,,15,,,,,,,,,,,,,,,,,,,,,,2.5,,,
4 juil. 2022,3_ans,121,A,W9,0.5,,,,2.5,,,,,,,,,,,,,,0.5,,37.5,,,2.5,,,,,,,,,,,,,2.5,,2.5,2.5,,,,,,,,,,,,,,62.5,,,,,2.5,,,,,,,,,,,,,,,,,,,,
4 juil. 2022,3_ans,121,B,N3,,,,,,,,,,,,,,,,,,,,,,,,15,,,,,,,,,,,,,2.5,,,,,,,,,,,,,,,,,0.5,,,,,15,,,,,,,,,,,,,,,,,,,,
4 juil. 2022,3_ans,121,B,N6,0.5,,,,,,,,,,,,,,,,,,,,,,,2.5,,,,,,,,,,,,,37.5,,,,,,,,,,,,,,,,,15,,,,,0.5,,,,,,,,,,,,,,,,,,,,
4 juil. 2022,3_ans,121,B,N9,0.5,,,,0.5,,,,,,,,,,,,,,,,,,,37.5,,,,,,,,,,,,,2.5,,,,,,,,,,,,,,,,,15,,,,,0.5,,,,,,,,,,,,,,,,,,,,
4 juil. 2022,3_ans,121,B,E3,,,,,,,,,,,,,,,,,,,2.5,,,,,2.5,,,,,,,,,,,,,15,,,,2.5,,,,,,,,,,,,,62.5,,,,,0.5,,,,,,,,,,,,,,,,,,,,
4 juil. 2022,3_ans,121,B,E6,,,,,,,,,,,,,,,,,,,,,,,,2.5,,,,,,,,,,,,,37.5,,,,,,,,,,,,,,,,,15,,,,,,,,,,,,,,,,,,0.5,,,,,,,
4 juil. 2022,3_ans,121,B,E9,0.5,,,0.5,,,,,,,,,,,,,,,,,,,,15,,,,,,,,,,,,,15,,,,,,,,,,,,,,,,,15,,,,,,,,,,,,,,,,,,,,,,,,,
4 juil. 2022,3_ans,121,B,S3,2.5,,,,,,15,,,,,,,,,,,,2.5,,,,,2.5,,,,,,,,0.5,,,,,37.5,2.5,37.5,,15,,,,,,,,,,,,,62.5,,,,,2.5,,,,,,,,,,,,,,,,,,,,
4 juil. 2022,3_ans,121,B,S6,,,,,62.5,,,,,,,,,,,,,,0.5,,,,,,,,,,,,,,,,,,2.5,,15,,2.5,,,,,,,,,,,,2.5,37.5,,,,,,,,,,,,,,,,,,,,,2.5,15,,,
4 juil. 2022,3_ans,121,B,S9,,,,,85,,0.5,,,,,,,,,,,,15,,15,,,2.5,,,,,,,,0.5,,,,,37.5,15,,15,15,,,,,,,,,,,,,62.5,,,,,15,,,,,,,,,,,,,,,,15,15,,,
4 juil. 2022,3_ans,121,B,W3,2.5,,,,15,,15,,,,,,,,,,,,15,,,,,,,,,,,,,,,,,,37.5,,37.5,,15,,,,,,,0.5,,,,,,37.5,,,,,,,,,,,,,,,,,,,,,,,,,
4 juil. 2022,3_ans,121,B,W6,,,,,15,,0.5,,,,,,,,,,,,15,,37.5,,,0.5,,,,,,,,15,,,,,15,,,,15,,,,,,,,,,,0.5,,62.5,,,,,0.5,,,,,,,,,,,,,,,,2.5,,,,
4 juil. 2022,3_ans,121,B,W9,0.5,,,,2.5,,,,,,,,,,,,,,,,,,,15,,,,,,,,,,,,,37.5,,,,0.5,,,,,,,,,,,,,62.5,,,,,,,,,,,,,,,,,,,,,,,,,
4 juil. 2022,3_ans,121,C,N3,15,,,,2.5,,,,,,,,,,,,,37.5,2.5,,62.5,,,2.5,,,,,,,,,,,,,0.5,,2.5,,62.5,,,,,,,,0.5,,,,,15,,,,,,,,,,,,,,,,,,,,,,,,,
4 juil. 2022,3_ans,121,C,N6,2.5,,,0.5,,,,,,,,,,,,,,,,,,,,2.5,,,,,,,,,,,,,2.5,,,,,,,,,,,,,,,,,62.5,,,,,,,,,,,,,,,,,,,,,,,,,
4 juil. 2022,3_ans,121,C,N9,2.5,,,,,,,,,,,,,,,,,,,,,,,2.5,,,,,,,,,,,,,2.5,,,,,,,,,,,,2.5,,,0.5,,37.5,,,,,,,,,,,,15,,,,,,,,,,,,,
4 juil. 2022,3_ans,121,C,E3,0.5,,,,37.5,,,,,,,,,,,,,,15,,62.5,,,15,,,,,,,,,,,,,15,,15,,62.5,,,,,,,,,,,,,37.5,,,,,15,,,,,,,,,,,,,0.5,,,,,,,
4 juil. 2022,3_ans,121,C,E6,2.5,,,,0.5,,,,,,,,,,,,,,2.5,,62.5,,,2.5,,,,,,,,,,,,,0.5,,15,,37.5,,,,,,,,2.5,,,,,62.5,,,,,15,,,,,,,,,,,,,0.5,,,,,,,
4 juil. 2022,3_ans,121,C,E9,2.5,,,,,,,,,,0.5,,,,,,,,,,2.5,,,15,,,,,,,,,,,,,,,,,15,,,,,,,,15,,,,,85,,,,,,,,,,,,,,,,,,,,,,,,,
4 juil. 2022,3_ans,121,C,S3,15,,,,,,,,,,,,,,,,,,,,,,,2.5,,,,,,,,,,,,,37.5,,,,,,,,,,,,2.5,,,,,37.5,,,,,15,,,,,,,,,,,,,,,,,,,,
4 juil. 2022,3_ans,121,C,S6,15,,,,0.5,,,,,,,,,,,,,,2.5,,2.5,,,2.5,,,,,,,,,,,,,2.5,,85,,,,,,,,,0.5,15,,,,,15,,,,,,,,,,,,15,,,,,,,,,,,,,
4 juil. 2022,3_ans,121,C,S9,2.5,,,,,,,,,,,,,,,,,,0.5,,62.5,,,0.5,,,,,,,,,,,,,,,37.5,,37.5,,,,,,,,37.5,,,,,,,,,,,,,,,,,,,,,,,,,,,,,,
4 juil. 2022,3_ans,121,C,W3,15,,,,15,,,,,,2.5,,,,,,,,,,,,,2.5,,,,,,,,,,,,,62.5,,,,,,,,,,,,37.5,,,,,37.5,,,,,0.5,,,,,,,,,,,,,,,,,,,,
4 juil. 2022,3_ans,121,C,W6,2.5,,,,37.5,,,,,,,,,,,,,,,,,,,0.5,,,,,,,,,,,,,15,,,,,,,,,,,,15,,,,,37.5,,,,,,,,,,,,,,,,,,,,,,,,,
4 juil. 2022,3_ans,121,C,W9,2.5,,,,,,,,,,,,,,,,,,,,,,,2.5,,,,,,,,,,,,,,,0.5,,,,,,,,,,2.5,,,,,15,,,,,0.5,,,,,,,,,,,,,,,,,,,,
